Omega/M,T-0.3M,T-0.5M,T-0.7M,T-0.9M,T-1.1M,T-1.3M,T-1.5M
0.01,0.00103183942299266,0.00401699939411363,0.00558928676430846,0.00492435954675755,0.00343467453689421,0.00240043539273118,0.0017813693849749
0.0102329299228075,0.00105587852967689,0.00411070452439808,0.0057195280745404,0.00503922587970539,0.00351471186743657,0.00245637270443525,0.00182286950696327
0.010471285480509,0.00108047793461321,0.00420669499731791,0.00585288526539674,0.00515671882097017,0.00359661890219524,0.00251360681736448,0.00186534203423094
0.0107151930523761,0.00110565071889462,0.00430483906943078,0.00598926719610357,0.0052768354515616,0.00368045876059179,0.00257218304332775,0.0019088005955547
0.0109647819614319,0.00113141027112075,0.00440513096490349,0.00612909834453613,0.00540009095415357,0.00376624753824469,0.00263211769450642,0.00195327496587994
0.0112201845430196,0.00115777029482622,0.00450778407943809,0.00627206239063438,0.00552592791659083,0.00385401211281631,0.00269345329794484,0.00199878564586505
0.0114815362149688,0.00118474481608308,0.00461286107607961,0.00641813926164578,0.00565482440805358,0.00394384217283689,0.0027562190756719,0.00204536067235756
0.0117489755493953,0.00121234819147607,0.00472042720196655,0.0065678978205403,0.00578647259228877,0.00403578682416993,0.00282045191454184,0.00209301953477536
0.0120226443461741,0.00124059511610897,0.0048305079888797,0.0067211420393145,0.00592147866824559,0.00412987620042175,0.00288618740691709,0.00214178449931235
0.0123026877081238,0.00126950063212387,0.0049431130273343,0.00687775300605513,0.0060596044833564,0.00422613950286427,0.00295344566765277,0.00219169243437428
0.0125892541179417,0.00129908013708508,0.00505837949723393,0.00703830941768875,0.00620080450457803,0.00432467493542775,0.00302227559810291,0.00224276410765438
0.0128824955169313,0.00132931921117871,0.00517631860274786,0.00720259446110014,0.00634571170728886,0.00442547757861961,0.00309271557537978,0.00229502352329945
0.0131825673855641,0.00136024888312044,0.00529699903600637,0.00737040342730841,0.00649369192689139,0.00452864969374084,0.0031647634902825,0.00234850067311322
0.0134896288259165,0.00139194401672271,0.00541997021729542,0.00754245521653578,0.00664486557624903,0.00463428244329602,0.00323856275465072,0.00240323331910408
0.0138038426460288,0.00142437835154246,0.00554630849600437,0.00771841728147215,0.00679999749947088,0.00474235193660362,0.00331404573251959,0.00245923167006328
0.0141253754462275,0.00145752862407383,0.00567586527576756,0.0078982898473302,0.00695882727397606,0.00485287577138318,0.00339129384219312,0.00251653775953096
0.0144543977074593,0.00149149234679685,0.00580844326066631,0.0080828761040025,0.00712111409845368,0.00496604790240462,0.00347034861716959,0.00257518556347471
0.0147910838816821,0.00152621622040671,0.00594416194081541,0.00827161943745099,0.0072872533345101,0.0050818369675409,0.00355124109391153,0.00263520067100914
0.0151356124843621,0.00156182146393217,0.00608266383394872,0.00846448626043716,0.00745728988302142,0.00520037669266955,0.00363402738538554,0.00269661222204415
0.0154881661891248,0.00159818237185359,0.00622441097942972,0.00866214991223689,0.00763129336997651,0.00532163065089938,0.00371873676393173,0.00275946157010864
0.0158489319246111,0.0016354056801643,0.00636991957758738,0.00886434943399835,0.00780952905043796,0.00544575424860177,0.00380543587825767,0.00282377452523076
0.0162181009735893,0.00167348219655956,0.00651780726535045,0.00907123635271186,0.00799173057110129,0.00557280147603022,0.00389414085731463,0.00288958673957888
0.0165958690743756,0.00171248344897258,0.00667027831008334,0.00928312100229088,0.00817819973481495,0.005702818364298,0.0039849473215884,0.00295693834055561
0.0169824365246174,0.00175234270227445,0.00682601026901279,0.00949959544194689,0.00836905704977534,0.0058358165314228,0.00407784895078416,0.00302585602021801
0.0173780082874938,0.00179318415732795,0.00698518391827238,0.00972173029467913,0.00856462125934141,0.0059719631106363,0.00417293677677118,0.00309638810250033
0.0177827941003892,0.00183486552918215,0.00714817453278812,0.00994886883867143,0.0087643824918217,0.00611129590595316,0.00427024619104277,0.00316856121026356
0.0181970085860998,0.00187763293545353,0.00731492980308626,0.0101808853838388,0.00896904826939428,0.00625389049788418,0.00436982277537561,0.00324242147456886
0.0186208713666287,0.0019213180247953,0.0074856012498104,0.0104187121811369,0.00917849153991105,0.00639981943521631,0.00447172112778418,0.00331800817027442
0.0190546071796325,0.0019661034630105,0.007660550337515,0.0106622612019948,0.0093930073286358,0.00654921449749019,0.00457600527072034,0.00339535591059562
0.0194984459975805,0.00201193526872146,0.00783922372588482,0.0109112643115483,0.00961250787153397,0.00670202413961756,0.00468272375194006,0.00347450555018459
0.0199526231496888,0.00205869163927873,0.00802201637347757,0.0111664110967707,0.00983705102554271,0.00685847173624389,0.004791939450941,0.00355550895044438
0.0204173794466953,0.0021065320836219,0.00820938492807215,0.0114276119191169,0.010066849624358,0.00701852909798717,0.00490371885690007,0.00363840800181953
0.0208929613085404,0.00215564054874519,0.00840089857151336,0.0116947527298166,0.0103019484226418,0.00718238837211351,0.00501810233020034,0.00372323660744147
0.0213796208950223,0.00220589715008331,0.00859744650106233,0.0119680389855258,0.0105428603565386,0.00735011215589322,0.00513515848967578,0.00381004571624076
0.0218776162394955,0.0022573291515444,0.00879788685406447,0.0122477265577547,0.0107891731435061,0.00752167223039806,0.00525496337713987,0.00389888957888787
0.0223872113856834,0.00230996452917792,0.00900346111727327,0.0125344789577767,0.01104146700176,0.00769733823102757,0.00537756786581805,0.00398980308931695
0.0229086765276777,0.0023638320020598,0.00921390016216651,0.0128275654847724,0.011299653339264,0.00787708526113445,0.00550303572836254,0.00408284326024834
0.0234422881531992,0.00241870893691892,0.00942898968538093,0.0131278203087079,0.0115634968245511,0.00806120422057988,0.0056315472947653,0.00417812220136262
0.0239883291901949,0.00247511536189533,0.00964874660121291,0.0134346055968027,0.0118344043425606,0.00824938927289109,0.00576285605687096,0.00427549099903871
0.0245470891568503,0.00253284338133615,0.0098746243737715,0.0137492076440288,0.0121113027525147,0.00844211110449156,0.00589735642424439,0.00437521597128839
0.0251188643150958,0.00259179563554408,0.0101059515140786,0.0140714608375035,0.0123946603657385,0.00863933802604245,0.0060349918831144,0.0044772617178943
0.0257039578276886,0.00265205431063867,0.0103408693298743,0.0144007373338811,0.0126849559540102,0.00884124452405567,0.00617585888788858,0.00458169393280422
0.0263026799189538,0.00271392477748883,0.0105835171345077,0.0147382069138787,0.0129820105875161,0.00904782551528459,0.00632003347369997,0.00468857784253757
0.0269153480392692,0.00277711852790058,0.0108308387939261,0.0150832780774381,0.0132855772786971,0.00925935085958168,0.00646758512524753,0.00479794569081878
0.0275422870333817,0.002841573001283,0.0110835054083761,0.0154366812866134,0.0135968389582115,0.00947582204500147,0.00661858196360407,0.00490988146570023
0.0281838293126445,0.00290788008434233,0.0113434198800019,0.0157987316873141,0.0139152322626124,0.00969733881263543,0.00677313163848891,0.00502444147289563
0.0288403150312661,0.00297574718050262,0.0116085221075738,0.0161688019052892,0.0142415338346845,0.00992413758967149,0.00693131218711178,0.00514166754405411
0.0295120922666639,0.00304469215470305,0.0118791772021437,0.0165480677046899,0.0145754703789973,0.0101563007785556,0.00709319247459696,0.0052616465094518
0.0301995172040202,0.00311576153130562,0.0121582275848618,0.0169363224267922,0.0149170763978183,0.010393872472216,0.00725886703518477,0.00538442794486569
0.0309029543251359,0.00318813395097555,0.0124413937613021,0.0173338823517366,0.0152665362255288,0.0106370786183828,0.0074284671250376,0.00551010741680571
0.0316227766016838,0.00326250198506706,0.0127335590780953,0.0177408047546073,0.015624771711908,0.0108860190388285,0.00760199308589979,0.00563869002993554
0.0323593656929628,0.00333845264501799,0.013030304714518,0.0181566246366496,0.0159911932485726,0.0111406025951731,0.00777945708874574,0.0057702314665382
0.0331131121482591,0.00341606156061793,0.0133358573275894,0.0185820397310408,0.0163656894748606,0.0114008378819384,0.00796104927132174,0.00590479495448164
0.0338844156139203,0.00349535412299859,0.013646940055512,0.0190162761245082,0.016748181928277,0.0116671102744032,0.00814677801405972,0.00604246705858189
0.0346736850452532,0.0035768645713728,0.0139642758042069,0.0194612643942004,0.0171397613509595,0.0119396170753668,0.00833680189102155,0.00618330389649067
0.0354813389233576,0.00365991415231688,0.014291122014181,0.0199159287140706,0.0175400731451298,0.0122182709273002,0.00853121623001934,0.00632742090366252
0.0363078054770101,0.00374501099060261,0.0146243742997001,0.020381279876659,0.0179499962600477,0.0125033583793454,0.00873012583760074,0.00647485460421414
0.0371535229097173,0.00383217119419603,0.0149649087564155,0.0208578281026371,0.0183692597215301,0.0127950521162709,0.00893360072604413,0.00662571266503225
0.0380189396320561,0.00392110150596,0.0153152459383458,0.0213443384160839,0.0187982775877453,0.0130935371982595,0.00914184726336923,0.00678006742924062
0.0389045144994281,0.00401227902783674,0.0156705654034825,0.021842490189783,0.0192368416549005,0.0133988453545083,0.0093548688106725,0.0069379898170761
0.0398107170553497,0.00410590162761873,0.0160353030206559,0.0223523544138978,0.0196853065130908,0.0137112966409595,0.00957284266990171,0.00709955376247413
0.0407380277804113,0.00420089811270517,0.0164098198635396,0.0228735674487735,0.0201447018688464,0.0140307975643601,0.00979584862356452,0.00726486791645708
0.0416869383470336,0.00429839540786165,0.0167905144499689,0.0234070916506241,0.0206144748390432,0.0143578387799864,0.0100240062621722,0.00743401309989541
0.0426579518801593,0.00439813462199941,0.0171816259740438,0.0239520010914205,0.0210953185993463,0.0146924443842399,0.0102574283039964,0.00760705821296028
0.0436515832240166,0.00450026268291026,0.0175828074876,0.0245108862936762,0.0215867569047864,0.0150347037715599,0.010496251981669,0.0077841167058415
0.0446683592150963,0.00460450962258086,0.0179905345371535,0.0250823115011648,0.0220895436086402,0.0153848790273044,0.0107406105850439,0.00796526723183566
0.0457088189614875,0.00471154802148906,0.0184094084349863,0.0256650499906631,0.0226043552727901,0.0157431193113656,0.0109905900142631,0.00815062046521199
0.0467735141287198,0.00482083271134976,0.0188366209056012,0.0262624859536752,0.0231306756553817,0.0161096348725763,0.0112463552591256,0.00834023639692734
0.0478630092322638,0.00493258337919563,0.0192750057453123,0.0268740961207226,0.0236697951642134,0.0164846509961067,0.0115080519884417,0.00853424354280831
0.0489778819368446,0.00504679371826225,0.0197230602032716,0.0274993426350122,0.0242201051053951,0.0168682489482878,0.0117757261196889,0.0087327179827228
0.0501187233627272,0.00516403954695704,0.0201805645526571,0.028138769580876,0.0247857462687706,0.0172607353755502,0.0120496958366393,0.00893579938408733
0.0512861383991365,0.00528329046186639,0.0206504235818497,0.0287927421874296,0.0253598999261024,0.0176622222075301,0.0123298845977538,0.00914355733055514
0.0524807460249773,0.00540573301419771,0.0211275883655636,0.0294614997789255,0.0259504715282757,0.0180729068584664,0.0126165700406447,0.00935611277054283
0.0537031796370253,0.00553070529058587,0.0216184062684911,0.030145286857864,0.0265536197339948,0.0184932519979202,0.0129098198444403,0.00957356823819013
0.0549540873857625,0.00565861539998682,0.0221196553935612,0.030845071770637,0.0271708247839592,0.0189230637790027,0.013209892904389,0.00979602434012537
0.0562341325190349,0.00578980551900779,0.0226337778924506,0.0315620874319023,0.0278017226078604,0.0193628355648076,0.0135168454363357,0.0100236235315787
0.0575439937337157,0.00592392638617245,0.0231578134622358,0.0322940469752947,0.0284474950655838,0.019812698935884,0.0138308106990078,0.0102564698416091
0.0588843655355589,0.00606053142578364,0.0236928639759459,0.0330419442274928,0.0291080457907912,0.0202728081746157,0.0141520680556969,0.0104946379991236
0.0602559586074358,0.0062006658930565,0.0242408743402004,0.0338083946896801,0.0297833501914279,0.0207435193715773,0.0144807125406098,0.0107383219873165
0.0616595001861482,0.00634374538490282,0.0248020040357656,0.0345911117606722,0.0304743425634742,0.0212250986985972,0.0148168565110799,0.0109875960673023
0.0630957344480193,0.00649051816029584,0.0253761122673518,0.0353918654706731,0.031181150938918,0.0217177567317876,0.0151607618798881,0.0112425873362615
0.0645654229034656,0.00664025672775934,0.0259631471339155,0.0362115656406923,0.0319043418649025,0.0222215190495246,0.0155125233067745,0.0115034491200988
0.0660693448007596,0.00679294664812606,0.0265628408158349,0.037049329982944,0.0326436807653881,0.0227368849859024,0.0158723807577037,0.0117703116898769
0.0676082975391982,0.00694993003247529,0.0271764542327455,0.0379091255391775,0.0333993560341344,0.0232640563427983,0.0162404459440179,0.012043262527522
0.0691830970918937,0.00710999387344572,0.0278024596019245,0.0387820762726982,0.0341730458776745,0.0238033511457652,0.01661693953212,0.0123224905001147
0.0707945784384138,0.0072740635532452,0.0284452755535537,0.0396771096014356,0.0349633023170654,0.0243547055104267,0.0170020792251888,0.0126081004957841
0.072443596007499,0.00744108591438279,0.0291010478500501,0.0405941769732176,0.0357817580033039,0.0249188879007645,0.0173959634730061,0.0129002547532915
0.0741310241300918,0.00761301600040521,0.0297721166543864,0.0415315129674439,0.0365991004009581,0.0254957667264225,0.017798936614732,0.0131990752109225
0.0758577575029184,0.00778703118058707,0.0304556185809769,0.0424879337039808,0.0374454600016858,0.0260856621329325,0.0182110244381202,0.0135047108193292
0.0776247116628692,0.00796667815813077,0.0311575539281541,0.0434669091126156,0.0383099257873575,0.026689158384898,0.0186324902712825,0.0138173271391598
0.0794328234724281,0.00814883892329164,0.0318733935824935,0.0444670578106189,0.0391942517172187,0.0273063446648542,0.0190635760914636,0.0141370670051605
0.0812830516164099,0.00833605708252823,0.0326058338258592,0.0454909218668306,0.0400990847122109,0.0279373438951483,0.0195044894076648,0.0144641099607868
0.0831763771102671,0.00852658527259539,0.0333541727464402,0.0465357874989155,0.0410231566641832,0.0285828309317869,0.0199553861956839,0.0147985657531658
0.0851138038202376,0.00872272716236084,0.0341208383350128,0.0476058505668651,0.041968780854074,0.029242922853886,0.0204164984081279,0.0151406373780181
0.0870963589956081,0.00892212769132623,0.0349028097905675,0.0486980217424827,0.0429348696252251,0.0299176521369834,0.0208880838836604,0.015490393064714
0.0891250938133745,0.0091255683346203,0.0357023379232604,0.0498145602654538,0.0439226906345321,0.0306078151229848,0.0213702991196829,0.015848220584208
0.091201083935591,0.00933412096463959,0.0365177612608933,0.0509568203388331,0.0449326568780801,0.0313134003030343,0.0218634191071931,0.0162140666857135
0.0933254300796991,0.00954682336625609,0.0373533011720062,0.0521226864568138,0.0459647796332184,0.0320348056915641,0.0223678405265287,0.0165881889724874
0.0954992586021436,0.00976542700202155,0.0382066931481951,0.0533150083899855,0.0470210238270077,0.032772547285279,0.022883325464468,0.0169707364554953
0.0977237220955811,0.0099872021381745,0.0390778971328382,0.0545331483964786,0.0480994260544955,0.033526631593861,0.0234105622546148,0.01736191909096
0.1,0.0102149182529695,0.0399684400122396,0.0557764602986815,0.0492014206882554,0.0342976922892248,0.0239495741465501,0.0177618737749568
0.102329299228075,0.0104462922555223,0.0408785607378049,0.0570487333916373,0.0503275115449557,0.0350857804229304,0.0245006826101083,0.0181708454842361
0.10471285480509,0.0106834992909482,0.0418116094698164,0.0583477494302707,0.0514806881152702,0.0358917984349133,0.0250640655039261,0.0185889934194084
0.107151930523761,0.0109253211930384,0.0427595933418519,0.0596751610872471,0.0526566455154871,0.0367150604086104,0.0256401260709359,0.0190164665088237
0.109647819614319,0.0111726259946753,0.0437276742733566,0.0610302810557223,0.053858383451299,0.0375565848741793,0.02622895179638,0.0194534867557806
0.112201845430196,0.0114251862129454,0.0447158546146484,0.0624137583570991,0.0550878387166405,0.0384171512262226,0.0268308718462787,0.0199002363238608
0.114815362149688,0.0116830811748439,0.0457280073737532,0.063827369663948,0.0563436250342754,0.0392964861093754,0.0274457934020687,0.0203569505144378
0.117489755493953,0.0119464420435834,0.0467604436561846,0.0652726180822051,0.057626363533144,0.0401951458795289,0.0280750109033939,0.0208237783025393
0.120226443461741,0.0122150300637138,0.0478141110856036,0.0667454596020053,0.0589362648119857,0.0411135228624375,0.0287177204011501,0.0213009352309848
0.123026877081238,0.0124888367932509,0.0488892831568513,0.0682477718867122,0.0602743710242304,0.0420516391277376,0.0293746120873575,0.0217886361875229
0.125892541179417,0.0127695781635181,0.04998783499339,0.0697868285362718,0.061640261088035,0.0430102766052019,0.0300458286591447,0.0222870321643887
0.128824955169313,0.0130545862876533,0.0511015811921897,0.0713556992130703,0.0630358536259903,0.0439902267628121,0.0307318731458039,0.0227964172218893
0.131825673855641,0.013345382669965,0.0522509913476837,0.0729536931566421,0.0644618080653073,0.044990569864623,0.0314327688234739,0.0233169523741892
0.134896288259165,0.0136425945337575,0.053423442551187,0.0745888875048772,0.0659160269297135,0.0460130866278164,0.0321489070994991,0.0238487888805566
0.138038426460289,0.0139469224346097,0.0546103024765953,0.0762548499585413,0.0674021279086711,0.0470571241085515,0.0328805118028932,0.0243922308250138
0.141253754462275,0.0142552912674267,0.0558243585251486,0.0779535785285336,0.068917185378535,0.0481236592860493,0.0336280105442774,0.0249474332219476
0.144543977074593,0.014570458408681,0.057061869581398,0.0796892036049783,0.0704713152408055,0.0492127157484389,0.0343914096637879,0.0255146284005687
0.147910838816821,0.0148915573452211,0.0583300882717718,0.0814574934789065,0.0720471695475663,0.0503249523032752,0.0351711698521345,0.0260940161150527
0.151356124843621,0.0152194874885864,0.0596107570910286,0.0832615180564251,0.0736594472390588,0.0514601151328357,0.035967649708515,0.0266858780335698
0.154881661891248,0.0155526352150532,0.0609248483583306,0.0850986385832021,0.0753029559790153,0.0526194506830842,0.0367807407260082,0.0272902549402039
0.158489319246111,0.0158930239630333,0.0622615788715328,0.086972538457589,0.0769797304230559,0.0538029727466249,0.0376112936755545,0.0279074813546886
0.162181009735893,0.0162398274334848,0.0636199118791988,0.0888829435543987,0.0786922922571302,0.0550110118560592,0.0384591862358905,0.0285378070703569
0.165958690743756,0.0165916265638427,0.0650152099547933,0.0908284344113929,0.0804382065453995,0.05624358675987,0.0393247500959494,0.0291812707460048
0.169824365246174,0.0169516003901012,0.0664248328165179,0.092807878619849,0.0822186880419161,0.0575013633531506,0.040208277939717,0.029838277719945
0.173780082874938,0.0173155386704753,0.0678631597961121,0.0948289989850733,0.0840337889405464,0.0587848236465355,0.0411100692246815,0.0305088781117297
0.177827941003892,0.0176876957963019,0.0693323973084114,0.0968847257016571,0.085882847133006,0.0600941475007078,0.0420303369642285,0.0311933952235919
0.181970085860998,0.0180667366316198,0.070817105436417,0.0989750927280513,0.0877678436363952,0.0614296795093537,0.0429692230051218,0.0318924417785619
0.186208713666287,0.0184503353267819,0.0723337929630043,0.101120703469169,0.0896898412401549,0.0627916699976736,0.0439271523136661,0.0326046448285568
0.190546071796325,0.0188403305485406,0.0738816739790461,0.103272089294054,0.0916451233627261,0.0641800635645505,0.0449042572625867,0.0333318347888836
0.194984459975805,0.0192378486910875,0.0754422536156609,0.105473269538553,0.0936368638043661,0.0655959171091529,0.0459008757546864,0.0340737158913484
0.199526231496888,0.0196400453840781,0.0770373797564199,0.107713418824134,0.0956658587250045,0.0670381764458145,0.046916992122816,0.0348301420472063
0.204173794466953,0.0200499108290518,0.0786548348023655,0.109993385634807,0.0977295010044427,0.0685086115820168,0.0479530468541411,0.0356015573497324
0.208929613085404,0.0204645002760556,0.0803035365561013,0.112307429321895,0.0998332280716702,0.0700060914957943,0.049009012977464,0.0363881722163631
0.213796208950223,0.0208852509358461,0.0819682964411889,0.114655546879736,0.10196956373077,0.0715324101319634,0.0500962343272474,0.0371899033489621
0.218776162394955,0.0213116336672353,0.0836645536849154,0.117041654150745,0.104144699472533,0.0730859297685351,0.0511817893391715,0.0380071098353992
0.223872113856834,0.0217435124495216,0.0853728255241794,0.119460913437957,0.106356289952447,0.0746677541686713,0.0522986862828833,0.0388396547447874
0.229086765276777,0.022184598150416,0.0871137256877422,0.1219166819679,0.10860001644494,0.0762778614063597,0.053436398636022,0.0396878373028544
0.234422881531992,0.0226245426096873,0.0888841884470606,0.124414780277828,0.110883202535568,0.07791643417907,0.0545947071078446,0.0405515665686989
0.239883291901949,0.0230710873970425,0.0906619978425162,0.126939078079593,0.113201675568341,0.079582059094974,0.0557737764243902,0.0414312455698226
0.245470891568503,0.023523631878197,0.0924644178688811,0.129491853694732,0.115554856198658,0.0812771164976455,0.0569733170573703,0.0423266026078109
0.251188643150958,0.0239792175124438,0.0942929341732326,0.132080637866823,0.117944736742609,0.0830098207848599,0.0581939909690087,0.0432377102551502
0.257039578276886,0.0244406462951019,0.0961392094159231,0.134700685772126,0.120365413788161,0.0847502700435068,0.0594353080673006,0.0441652295198735
0.263026799189538,0.0249039435572199,0.0980035371627563,0.137345415596263,0.122823588770082,0.0865284567267352,0.060697191400052,0.0451074138388132
0.269153480392692,0.0253689525977367,0.0998810134642144,0.140021905290737,0.125312784321925,0.0883340494584275,0.0619795769084125,0.0460657787033625
0.275422870333817,0.0258366551878047,0.10177358159638,0.142721680994973,0.12783214324467,0.0901664774845178,0.0632825353321557,0.0470395348100324
0.281838293126445,0.0263092940038413,0.103684984565371,0.145446420573318,0.130384716920144,0.0920257229045113,0.0646052436878003,0.0480292438872699
0.288403150312661,0.0267806611454607,0.105602007086585,0.148197733353148,0.132969508878657,0.0939104260668315,0.0659481675701374,0.0490341379546251
0.295120922666639,0.0272514281105618,0.107530851951543,0.150959349689579,0.135572951037295,0.0958215798594977,0.0673104554535979,0.0500540397513419
0.301995172040202,0.0277244285282022,0.109477620849193,0.153745471171653,0.138208509857716,0.0977567343056486,0.0686921067489533,0.0510888547612491
0.309029543251359,0.0281940609547062,0.111409388112162,0.156541852283042,0.140867721146388,0.0997146580891083,0.0700916438611534,0.0521382139281924
0.316227766016838,0.0286627704940633,0.113351529229791,0.159347067932541,0.143549712606865,0.101696211278622,0.0715099746717654,0.0532016536889149
0.323593656929628,0.0291277773559244,0.115297994274503,0.16216988588272,0.146250264260384,0.103699499300667,0.0729460202948769,0.0542788268802996
0.331131121482591,0.0295888806785793,0.117235638343079,0.16498221430682,0.148968985353694,0.105723367420896,0.0743985443838032,0.0553694242097702
0.338844156139203,0.030044253363163,0.119159578455072,0.167799679743075,0.151811872285786,0.107766844263947,0.0758666817110318,0.0564723983275622
0.346736850452532,0.0304908524412268,0.12108529643238,0.170613951760443,0.154455130919374,0.109827242093754,0.0773498144441055,0.0575876210354879
0.354813389233575,0.0309320468275298,0.122983221690141,0.173417091155216,0.157211068819063,0.111902085417919,0.0788468776473679,0.0587138512991316
0.363078054770101,0.0313622429792528,0.124861239796761,0.176211853008697,0.15997407797725,0.11399135657795,0.080356482669605,0.0598506698260963
0.371535229097173,0.0317779273635604,0.126717460698563,0.178975720847868,0.162740242007116,0.116091574431086,0.081877310200156,0.0609968659137861
0.380189396320561,0.032180684405316,0.128539197989015,0.181717463457879,0.165502004491014,0.118201967298107,0.0834082232548999,0.0621514244268816
0.389045144994281,0.0325680921230851,0.130323779798679,0.184418201882565,0.168255014523157,0.120317404336172,0.0849466715895856,0.0633133285290295
0.398107170553497,0.0329353167905316,0.132062996954327,0.187089806738012,0.170990763815646,0.122436286414063,0.086491224561624,0.0644809868602248
0.407380277804113,0.0332814764187007,0.133746618448987,0.189699567352997,0.173713450798153,0.124555691517388,0.0880401444026714,0.065652899372387
0.416869383470335,0.0336054621554769,0.13537509638958,0.192252881248551,0.176408947127998,0.126670863238929,0.0895905905858624,0.0668277147513834
0.426579518801593,0.0338999360373099,0.136934751733112,0.194749410610688,0.179073651903077,0.128778410504241,0.0911395536419459,0.0680033327786712
0.436515832240166,0.0341649799487755,0.138419112160087,0.197147109823142,0.18169732563526,0.130873328094898,0.0926856139574572,0.0691775954225688
0.446683592150963,0.0343961567829674,0.139809754382825,0.199469758741858,0.184276367583316,0.132950681267215,0.0942243918222919,0.0703486888118942
0.457088189614875,0.0345906737534514,0.141100532715046,0.201686506920061,0.186797866368618,0.135006832061062,0.0957529737071066,0.071513577015231
0.467735141287198,0.0347406700179887,0.14228022579478,0.203780432821495,0.189246837778798,0.137031540088526,0.0972669490605641,0.0726698353766191
0.478630092322638,0.0348463560740734,0.143341280959176,0.20575447807753,0.191628640110242,0.139025018516117,0.0987622567889389,0.0738142274810848
0.489778819368446,0.0348971660293081,0.144260166830104,0.207574736710348,0.193909368137982,0.140973548011157,0.10023416339755,0.0749433032489775
0.501187233627272,0.0348938023621735,0.14502572865486,0.20923763666748,0.196098100290601,0.142872895814013,0.10167770166364,0.0760534630945384
0.512861383991365,0.0348269063099127,0.145618893086131,0.210697505441525,0.198177223400628,0.144712142431152,0.103086682058273,0.0771403477392942
0.524807460249773,0.0346901946661609,0.146029293351749,0.211976751334817,0.200108727584427,0.146484096620758,0.104454916890149,0.0781992679593007
0.537031796370253,0.0344810403366124,0.146219607227555,0.213021854051687,0.201896263812664,0.148175373023078,0.105774847165345,0.0792252724405902
0.549540873857625,0.0341898845651537,0.146188762750328,0.213813597760704,0.203519546244847,0.14977530634376,0.107039304616505,0.0802125708253426
0.562341325190349,0.0338065420216659,0.145891793674799,0.214333040479252,0.204950617418571,0.15127084935911,0.108238738702839,0.0811543471877127
0.575439937337157,0.0333288873793375,0.145318663308868,0.214538682426167,0.206180447010634,0.152647503941235,0.10936414468695,0.0820445089963873
0.588843655355589,0.0327455391565147,0.144437925411446,0.214402778181205,0.207168703464525,0.153889077424569,0.110404571457418,0.0828743031360184
0.602559586074358,0.0320488355489903,0.143215490286954,0.213894626043622,0.207895724369954,0.15497644013409,0.11134741189024,0.0836351514664451
0.616595001861482,0.0312350226520233,0.141617996402772,0.212968435243107,0.208320127398308,0.155889988732256,0.112179443776135,0.0843168374811315
0.630957344480193,0.030284872211291,0.139610738920657,0.211579496430327,0.208418916755598,0.156607540115101,0.112890792843865,0.0849085899439283
0.645654229034656,0.029199613563049,0.137154325195459,0.209666327005705,0.208140035679969,0.15714026184547,0.113446525275983,0.0853975434052801
0.660693448007596,0.0279707398039306,0.134194882750033,0.207197482945952,0.207454409764042,0.157345051282377,0.113839836733497,0.0857697186871081
0.676082975391982,0.0265908692389911,0.130700864277858,0.204086357390436,0.206302017088096,0.15730306924186,0.114057056825962,0.0860084567696151
0.691830970918937,0.0250552163504899,0.126623050535807,0.200286661452241,0.204613134544429,0.156936480444796,0.114057847312081,0.0860947757188312
0.707945784384138,0.0233609449742842,0.12187288782498,0.195687489839551,0.202338888302783,0.156203257661154,0.113817279656099,0.0860077087082615
0.72443596007499,0.0215111895647824,0.116438755539525,0.190222899697164,0.199397549539694,0.155049838324904,0.113301057336294,0.0857218525477541
0.741310241300918,0.0195098260294478,0.110231909924948,0.183782651112169,0.195690964356639,0.153416377272736,0.112468601071757,0.0852080421581452
0.758577575029184,0.0173707723935721,0.103216136723618,0.176253360464949,0.191123262015019,0.151232541381636,0.111270295039386,0.0844312700481371
0.776247116628692,0.0151241087362036,0.0953151230203632,0.167499395647852,0.185555786654876,0.148409704889532,0.109650084650428,0.0833496456900366
0.794328234724282,0.0127780319247177,0.0865110834402489,0.157373554010899,0.178840624135072,0.14484508360603,0.107536411338461,0.0819121086952772
0.812830516164099,0.0104058079430955,0.0767673645787077,0.145721507649195,0.170798255480484,0.140405437196853,0.104841157715248,0.0800592906042811
0.831763771102671,0.00806393444022067,0.0661118495413237,0.132361982111031,0.161193260745021,0.134931032534001,0.101452190966453,0.077700381462914
0.851138038202376,0.00584060063412973,0.0546437685137216,0.117116335966885,0.149744922892823,0.128207358745793,0.097222203813689,0.0747420070819465
0.870963589956081,0.00384195825748376,0.042592623974119,0.0998496804066639,0.136094150472509,0.119953153846047,0.0919703679648423,0.0710398325435539
0.891250938133746,0.00218691241549812,0.0303794808635896,0.0805181520248625,0.119777121946383,0.109782322086663,0.0854075505298252,0.0663962272537592
0.91201083935591,0.000985468997399374,0.0187594460040467,0.0593361638391151,0.100205740660398,0.0971357993255833,0.077135456864498,0.0605158685854554
0.933254300796991,0.000291267909176405,0.00892468380563307,0.0371741880804603,0.0766932470631535,0.0811584175714988,0.066508042208649,0.0529169860518687
0.954992586021436,3.44650567726029E-05,0.00241323686336109,0.0164055092234815,0.0486104340673078,0.0604175528456191,0.0523598058384101,0.0427076261109929
0.977237220955811,0,8.39561082527235E-05,0.00238559892331513,0.0172195501136392,0.0322497706748166,0.0321089306823206,0.0277916103461161
1,0,0,0,0,0,0,0
1.02329299228075,3.14159265358979,0,0,0,0,0,0
1.0471285480509,3.14159265358979,0,0,0,0,0,0.0491603258103555
1.07151930523761,3.14159265358979,0,0,0,0,0,0.0598591183632471
1.09647819614319,3.14159265358979,0,0,0,0,0.117051834487025,0.0719059022119054
1.12201845430196,3.14159265358979,3.14159265358979,0,0,0,0.134775433025404,0.0838772063930082
1.14815362149688,3.14159265358979,3.14159265358979,0,0,0,0.153767155162538,0.0959577225403797
1.17489755493953,3.14159265358979,3.14159265358979,0,0,0.4398722036794,0.173557708971805,0.10829161184216
1.20226443461741,3.14159265358979,3.14159265358979,0,0,0.441669814077183,0.194177231972465,0.120991094836406
1.23026877081238,3.14159265358979,3.14159265358979,0,0,0.474878387597833,0.215714211304691,0.134146134204233
1.25892541179417,3.14159265358979,3.14159265358979,3.14159265358979,0,0.51577772948505,0.238263877502849,0.147834948220935
1.28824955169313,3.14159265358979,3.14159265358979,3.14159265358979,0,0.560835992080994,0.26192380657997,0.162127631198877
1.31825673855641,3.14159265358979,3.14159265358979,3.14159265358979,3.14159265358979,0.608764783579475,0.286762312325066,0.177082985490375
1.34896288259165,3.14159265358979,3.14159265358979,3.14159265358979,3.14159265358979,0.65889023325332,0.312866522664054,0.192765964814432
1.38038426460288,3.14159265358979,3.14159265358979,3.14159265358979,3.14159265358979,0.710678516637088,0.340293010407473,0.20923473735436
1.41253754462275,3.14159265358979,3.14159265358979,3.14159265358979,3.14159265358979,0.763713389259792,0.369107159595568,0.226541252628727
1.44543977074593,3.14159265358979,3.14159265358979,3.14159265358979,2.25377299277749,0.817474757195759,0.399335841328177,0.244745106117544
1.47910838816821,3.14159265358979,3.14159265358979,3.14159265358979,2.11537448756061,0.871536788978124,0.431006859715687,0.263881912327665
1.51356124843621,3.14159265358979,3.14159265358979,3.14159265358979,2.0481792691469,0.925447044194324,0.464134446052627,0.28401838814012
1.54881661891248,3.14159265358979,3.14159265358979,3.14159265358979,2.00922824308183,0.978701702014309,0.498666639905484,0.305188933179948
1.58489319246111,3.14159265358979,3.14159265358979,3.14159265358979,1.9848221968575,1.03083722394878,0.53460851797197,0.327440444459184
1.62181009735893,3.14159265358979,3.14159265358979,3.14159265358979,1.96878329844365,1.08147669934285,0.571847740564969,0.350799725922743
1.65958690743756,3.14159265358979,3.14159265358979,3.14159265358979,1.95765108153118,1.13032893414721,0.610282533023871,0.375303751191937
1.69824365246174,3.14159265358979,3.14159265358979,3.14159265358979,1.94987574390289,1.17703671845251,0.649830216607859,0.400963792006781
1.73780082874938,3.14159265358979,3.14159265358979,3.14159265358979,1.94416130509611,1.22144815618586,0.690263920267624,0.427807971975346
1.77827941003892,3.14159265358979,3.14159265358979,3.14159265358979,1.93970900842505,1.26342396584869,0.731458648356025,0.455799569573435
1.81970085860998,3.14159265358979,3.14159265358979,3.14159265358979,1.93583706580739,1.30279085636852,0.773110493369737,0.484942023804845
1.86208713666287,3.14159265358979,3.14159265358979,3.14159265358979,1.93255302932285,1.33960852359159,0.815083538657609,0.515199313701511
1.90546071796325,3.14159265358979,3.14159265358979,2.66028671997487,1.92946136767809,1.37383010158508,0.857086472094869,0.546542232645988
1.94984459975805,3.14159265358979,3.14159265358979,2.48017068501053,1.92633816601403,1.40547261917907,0.898874771611291,0.578857487318087
1.99526231496888,3.14159265358979,3.14159265358979,2.40013022586636,1.92304649383617,1.43464211398108,0.940149384416392,0.61209863561813
2.04173794466953,3.14159265358979,3.14159265358979,2.34367936099027,1.91968854348263,1.46139601218624,0.980692629136218,0.646145364378554
2.08929613085404,3.14159265358979,3.14159265358979,2.29895012837562,1.91597295019534,1.48587159968238,1.02030809496524,0.68084456681983
2.13796208950223,3.14159265358979,3.14159265358979,2.26126672944767,1.91203722857734,1.50807806077267,1.05847949446429,0.71611469130078
2.18776162394955,3.14159265358979,3.14159265358979,2.22838647887672,1.90774081317047,1.52835765826565,1.09587261235094,0.751740441650902
2.23872113856834,3.14159265358979,3.14159265358979,2.19890607795605,1.90316126897403,1.54652476885612,1.13142979080639,0.787546779700662
2.29086765276777,3.14159265358979,2.62364885936762,2.17196373776287,1.89815742836798,1.5629204897096,1.16545176538439,0.823362961482344
2.34422881531992,3.14159265358979,2.4613155623216,2.14702579029759,1.89288804559493,1.57750517947952,1.19773221914751,0.859026676624201
2.39883291901949,3.14159265358979,2.37871395227886,2.12361117481496,1.88717000761887,1.59049867203076,1.22818998160453,0.894307703507575
2.45470891568503,2.63638283121944,2.31792775882046,2.10142895562293,1.88109891179821,1.60185146483516,1.25630793666951,0.929065839256344
2.51188643150958,2.44138124081507,2.26745663039783,2.08025193648065,1.87467921984148,1.61181624906678,1.28366269341881,0.963117016886225
2.57039578276886,2.34932743963274,2.22544353632975,2.05990054765426,1.86786886697585,1.62030546375638,1.30865212235484,0.996274570958876
2.63026799189538,2.28276810421127,2.18729649831937,2.04020266680759,1.86070623368824,1.62761920437644,1.3317909103169,1.02837927816324
2.69153480392692,2.22846144292547,2.1525755001159,2.02108935353844,1.85319742570499,1.63366885479024,1.35315216698436,1.05939103184399
2.75422870333817,2.18180435800317,2.12047050659804,2.00237791998215,1.84537776535893,1.63853484006727,1.37275588970664,1.08906494120248
2.81838293126445,2.14050717159363,2.090453491765,1.98407905240401,1.83716592490145,1.64237397608309,1.39066167102877,1.11742143413034
2.88403150312661,2.10299328310028,2.06210780320803,1.96608264867725,1.82859045157297,1.64516371454335,1.40691548953831,1.14430596012828
2.95120922666639,2.0686472529455,2.03512009566386,1.94835254558795,1.81970027045794,1.64689093160172,1.42157180996189,1.16973378879619
3.01995172040202,2.03659948362038,2.00930714171574,1.93080349725891,1.810488763434,1.64776884932555,1.43473309450723,1.19362967151554
3.09029543251359,2.00652612914369,1.98444214915264,1.91343694781997,1.80096813639297,1.6477424604611,1.44640876386836,1.21596687852152
3.16227766016838,1.97805117857281,1.96043986140838,1.89622990290024,1.79105395342639,1.64689605515438,1.4566723388757,1.23679592090817
3.23593656929628,1.95094817177874,1.93710003118797,1.87908871229766,1.78089116994065,1.64522231535027,1.46558667750648,1.25603201866315
3.31131121482591,1.92502675602767,1.91443761784199,1.86204705980859,1.77033604643692,1.64277651050326,1.47321687345061,1.27373518086167
3.38844156139203,1.90013984897352,1.89228980653052,1.84505920903314,1.75952055572027,1.63962113504288,1.47962592749444,1.28995000642312
3.46736850452532,1.87614753307568,1.87059716477906,1.82811809695482,1.74838605986958,1.6357357408927,1.48483584144971,1.30467781369285
3.54813389233576,1.85292850166409,1.84936379684754,1.81120160003384,1.73695007806238,1.63117498211127,1.48892878981233,1.31794016701281
3.63078054770101,1.83042695488065,1.82851265093851,1.79429607739607,1.72523090836491,1.62595835995176,1.49191334354154,1.32978575557455
3.71535229097173,1.80846013123523,1.80797076340305,1.77737405563482,1.71318634394146,1.62014461114281,1.4938750442367,1.3402417462227
3.80189396320561,1.78707360792976,1.78773331863606,1.76044199655858,1.70087298638275,1.61368602400368,1.49485219718254,1.34937747748387
3.89045144994281,1.76615128112654,1.76774011298281,1.74347336982108,1.68824196131259,1.60664927127681,1.49483551072034,1.35721594752049
3.98107170553497,1.74566187789933,1.74799402810037,1.72645786696938,1.67533167818755,1.59904715653018,1.49390080684734,1.36395068702644
4.07380277804113,1.72553573259838,1.73173678366112,1.70941110352813,1.66213224959752,1.59089986145426,1.49206795069492,1.36918304849138
4.16869383470335,1.70573170703425,1.70907034701904,1.69229579271142,1.64863503560153,1.5821450600208,1.48939237567302,1.37337888413487
4.26579518801593,1.68622141777921,1.68984861732636,1.67511824494902,1.63482090593416,1.57289921497319,1.48587736587094,1.37643368134364
4.36515832240166,1.66695910228037,1.67076954072774,1.65785849358845,1.62076209451096,1.56311519275734,1.48147694480893,1.37838789306567
4.46683592150963,1.64790788728098,1.65178939064112,1.64043523556926,1.60639376461985,1.55283350434432,1.47644989168566,1.37927120093503
4.57088189614875,1.62902540755469,1.6329041860885,1.62307449628076,1.59173302747823,1.54202555259249,1.47057585185927,1.37911357774674
4.67735141287198,1.61029013132176,1.61407761462653,1.60552561799144,1.57677949161149,1.5310127324479,1.46396018180872,1.37794433696086
4.78630092322638,1.59156103375211,1.59530412078464,1.5878634124706,1.56152583271428,1.51892685920054,1.45660898964729,1.3758017772821
4.89778819368446,1.57311575137032,1.57655180513637,1.57007642794243,1.54597463378298,1.50637692592067,1.44854361038639,1.37268855615062
5.01187233627272,1.55461747267008,1.5578029673052,1.55229146679296,1.53011376753639,1.49384807252012,1.43977701921201,1.36864055843206
5.12861383991365,1.53613565289911,1.53903533195716,1.53407999123536,1.51393941902991,1.48048515354691,1.43030412410076,1.36366998788798
5.24807460249773,1.51764272555579,1.52022329450418,1.51584007713835,1.49744334506523,1.46680406620235,1.42014923365402,1.35779788607269
5.37031796370253,1.49910734437664,1.50134736680038,1.4974204746681,1.48061522711695,1.45253667285599,1.40930128404702,1.35103371070784
5.49540873857625,1.48048967396091,1.48238538126972,1.47880902493347,1.46344408210309,1.4377634477094,1.39776992080719,1.34338477375014
5.62341325190349,1.46178509120134,1.46329002932057,1.45997536656785,1.4459155915406,1.42247941922384,1.38555187860193,1.33486369313034
5.75439937337157,1.44292006634257,1.44405723709328,1.44090767274331,1.42801786420657,1.40667381065093,1.37264341655042,1.32547006547084
5.88843655355589,1.42390090897294,1.42465878626371,1.4215728968372,1.40972454357143,1.39032744241573,1.35903701578158,1.31520325389235
6.02559586074358,1.40465872003858,1.40503145578591,1.40196566151067,1.39102327635442,1.37343358229416,1.34472185643198,1.30405946019889
6.16595001861482,1.38517513251368,1.3851558171548,1.38203245471854,1.37187199925469,1.35595869147612,1.32968329176388,1.2920312811868
6.30957344480193,1.3654128402066,1.36502646715217,1.36174030320871,1.35228637740446,1.33789166294074,1.31389482584791,1.27910120038506
6.45654229034656,1.34530286930628,1.34451309567567,1.34107848269251,1.33216027853769,1.3191921939116,1.29733876238941,1.26525314761251
6.60693448007596,1.32481078076816,1.32363799597116,1.31996310790406,1.31151571660739,1.29980561622016,1.27998131576678,1.25045275908079
6.76082975391982,1.30386270342652,1.30236086745592,1.29836942949576,1.29028857797658,1.27973893545806,1.26178729880281,1.23469166360024
6.91830970918937,1.28244506638826,1.2805589635194,1.2762345532108,1.26840883994285,1.25892658899019,1.24269493245328,1.2178983764443
7.07945784384138,1.260429374491,1.25820689954313,1.25349159498552,1.24584077241331,1.23726861726123,1.22266684733534,1.20003214856756
7.2443596007499,1.2377889428136,1.23520826915772,1.23005617049978,1.22245549467819,1.21471326651002,1.20163105511163,1.18101698828885
7.41310241300918,1.21438710203975,1.2114801185194,1.20571875015255,1.19820846575678,1.19114888050048,1.17946658606799,1.16078466244951
7.58577575029184,1.19016201418587,1.18689635498817,1.18075235342093,1.17299582929354,1.16650082969515,1.15610170281888,1.1392163913274
7.76247116628692,1.16494995436821,1.16133042774988,1.1546114092361,1.14659381938014,1.14061457354233,1.13138131961884,1.1161802439674
7.94328234724282,1.13861619435247,1.13464015705845,1.12727318088991,1.1189451474552,1.11333918485435,1.10513451347524,1.09150067035847
8.12830516164099,1.11097168183649,1.10662498832702,1.09822715277362,1.08970947026661,1.08436255703098,1.07716024956253,1.06499429481906
8.31763771102671,1.08177417818724,1.07701370470977,1.0681455549888,1.05871221647784,1.05349420649402,1.04713012786514,1.03632036185621
8.51138038202377,1.05072670748648,1.04551584488854,1.03568928288119,1.02546933285385,1.02028268917555,1.01466577987225,1.00513669858383
8.70963589956081,1.01735496894256,1.01167599211367,1.00075493595907,0.989537191082693,0.984180158452393,0.979190174851742,0.970846259209298
8.91250938133745,0.981183023965305,0.974874640999415,0.962652890510443,0.95008810307933,0.944851979300342,0.93988968415057,0.932603464345024
9.1201083935591,0.941357005478808,0.935292492095983,0.920335695539977,0.905915753260559,0.899605177645233,0.895504248019329,0.88919214870042
9.33254300796991,0.896537120896456,0.888442627912372,0.87220736156241,0.855129998014757,0.847775698950767,0.843843677162285,0.838424346695747
9.54992586021436,0.844585731375617,0.835017833796048,0.81522071075689,0.79395542893538,0.784701289638752,0.78061043479673,0.775896486223337
9.77237220955811,0.781241798440964,0.769078714076842,0.743125610750652,0.713458068488521,0.699839631822421,0.694817693583101,0.690587695303086
10,0.695667044067703,0.677535064542395,0.634888907318614,0.575981759365237,0.540973954376389,0.528154316253191,0.521864991926805
10.2329299228075,0.531071802001077,0.460867216212899,0,0,0,0,0
10.471285480509,0,0,0,0,0,0,0
10.7151930523761,0,0,0,0,0,0,0
10.9647819614319,0,0,0,0,0,0,0
11.2201845430196,0,0,0,0,0,0,0
11.4815362149688,0,0,0,0,0,0,0
11.7489755493953,0,0,0,0,0,0,0
12.0226443461741,0,0,0,0,0,0,0
12.3026877081238,0,0,0,0,0,0,0
12.5892541179417,0,0,0,0,0,0,0
12.8824955169313,0,0,0,0,0,0,0
13.1825673855641,0,0,0,0,0,0,0
13.4896288259165,0,0,0,0,0,0,0
13.8038426460288,0,0,0,0,0,0,0
14.1253754462275,0,0,0,0,0,0,0
14.4543977074593,0,0,0,0,0,0,0
14.7910838816821,0,0,0,0,0,0,0
15.1356124843621,0,0,0,0,0,0,0
15.4881661891248,0,0,0,0,0,0,0
15.8489319246111,0,0,0,0,0,0,0
