omega/M,delta_phi_sc_T-0.1M,delta_phi_R_T-0.1M,delta_phi_tot_T-0.1M,delta_phi_sc_T-0.7M,delta_phi_R_T-0.7M,delta_phi_tot_T-0.7M,delta_phi_sc_T-1M,delta_phi_R_T-1M,delta_phi_tot_T-1M,delta_phi_sc_T-2M,delta_phi_R_T-2M,delta_phi_tot_T-2M,delta_sigma_sc_T-0.1M,delta_sigma_R_T-0.1M,delta_sigma_tot_T-0.1M,delta_sigma_sc_T-0.7M,delta_sigma_R_T-0.7M,delta_sigma_tot_T-0.7M,delta_sigma_sc_T-1M,delta_sigma_R_T-1M,delta_sigma_tot_T-1M,delta_sigma_sc_T-2M,delta_sigma_R_T-2M,delta_sigma_tot_T-2M
0.01,0,0,0,0,0,0,0,0,0,0,0,0,0,0,0,0,0,0,0,0,0,0,0,0
0.0102494920079526,0,0,0,0,0,0,0,0,0,0,0,0,0,0,0,0,0,0,0,0,0,0,0,0
0.0105052086421084,0,0,0,0,0,0,0,0,0,0,0,0,0,0,0,0,0,0,0,0,0,0,0,0
0.0107673052019165,0,0,0,0,0,0,0,0,0,0,0,0,0,0,0,0,0,0,0,0,0,0,0,0
0.011035940861423,0,0,0,0,0,0,0,0,0,0,0,0,0,0,0,0,0,0,0,0,0,0,0,0
0.0113112787659392,0,0,0,0,0,0,0,0,0,0,0,0,0,0,0,0,0,0,0,0,0,0,0,0
0.0115934861311218,0,0,0,0,0,0,0,0,0,0,0,0,0,0,0,0,0,0,0,0,0,0,0,0
0.0118827343445242,0,0,0,0,0,0,0,0,0,0,0,0,0,0,0,0,0,0,0,0,0,0,0,0
0.0121791990696825,0,0,0,0,0,0,0,0,0,0,0,0,0,0,0,0,0,0,0,0,0,0,0,0
0.0124830603527974,0,0,0,0,0,0,0,0,0,0,0,0,0,0,0,0,0,0,0,0,0,0,0,0
0.0127945027320787,0,0,0,0,0,0,0,0,0,0,0,0,0,0,0,0,0,0,0,0,0,0,0,0
0.0131137153498169,0,0,0,0,0,0,0,0,0,0,0,0,0,0,0,0,0,0,0,0,0,0,0,0
0.0134408920672513,0,0,0,0,0,0,0,0,0,0,0,0,0,0,0,0,0,0,0,0,0,0,0,0
0.0137762315823046,0,0,0,0,0,0,0,0,0,0,0,0,0,0,0,0,0,0,0,0,0,0,0,0
0.0141199375502535,0,0,0,0,0,0,0,0,0,0,0,0,0,0,0,0,0,0,0,0,0,0,0,0
0.0144722187074113,0,0,0,0,0,0,0,0,0,0,0,0,0,0,0,0,0,0,0,0,0,0,0,0
0.0148332889978955,0,0,0,0,0,0,0,0,0,0,0,0,0,0,0,0,0,0,0,0,0,0,0,0
0.0152033677035581,0,0,0,0,0,0,0,0,0,0,0,0,0,0,0,0,0,0,0,0,0,0,0,0
0.0155826795771583,0,0,0,0,0,0,0,0,0,0,0,0,0,0,0,0,0,0,0,0,0,0,0,0
0.0159714549788571,0,0,0,0,0,0,0,0,0,0,0,0,0,0,0,0,0,0,0,0,0,0,0,0
0.016369930016117,0,0,0,0,0,0,0,0,0,0,0,0,0,0,0,0,0,0,0,0,0,0,0,0
0.0167783466870935,0,0,0,0,0,0,0,0,0,0,0,0,0,0,0,0,0,0,0,0,0,0,0,0
0.0171969530276023,0,0,0,0,0,0,0,0,0,0,0,0,0,0,0,0,0,0,0,0,0,0,0,0
0.0176260032617546,0,0,0,0,0,0,0,0,0,0,0,0,0,0,0,0,0,0,0,0,0,0,0,0
0.01806575795635,0,0,0,0,0,0,0,0,0,0,0,0,0,0,0,0,0,0,0,0,0,0,0,0
0.0185164841791216,0,0,0,0,0,0,0,0,0,0,0,0,0,0,0,0,0,0,0,0,0,0,0,0
0.0189784556609287,0,0,0,0,0,0,0,0,0,0,0,0,0,0,0,0,0,0,0,0,0,0,0,0
0.0194519529619972,0,0,0,0,0,0,0,0,0,0,0,0,0,0,0,0,0,0,0,0,0,0,0,0
0.019937263642306,0,0,0,0,0,0,0,0,0,0,0,0,0,0,0,0,0,0,0,0,0,0,0,0
0.0204346824362259,0,0,0,0,0,0,0,0,0,0,0,0,0,0,0,0,0,0,0,0,0,0,0,0
0.0209445114315147,0,0,0,0,0,0,0,0,0,0,0,0,0,0,0,0,0,0,0,0,0,0,0,0
0.0214670602527782,0,0,0,0,0,0,0,0,0,0,0,0,0,0,0,0,0,0,0,0,0,0,0,0
0.0220026462495087,0,0,0,0,0,0,0,0,0,0,0,0,0,0,0,0,0,0,0,0,0,0,0,0
0.0225515946888148,0,0,0,0,0,0,0,0,0,0,0,0,0,0,0,0,0,0,0,0,0,0,0,0
0.0231142389529593,0,0,0,0,0,0,0,0,0,0,0,0,0,0,0,0,0,0,0,0,0,0,0,0
0.0236909207418263,0,0,0,0,0,0,0,0,0,0,0,0,0,0,0,0,0,0,0,0,0,0,0,0
0.0242819902804388,0,0,0,0,0,0,0,0,0,0,0,0,0,0,0,0,0,0,0,0,0,0,0,0
0.024887806531654,0,0,0,0,0,0,0,0,0,0,0,0,0,0,0,0,0,0,0,0,0,0,0,0
0.0255087374141658,0,0,0,0,0,0,0,0,0,0,0,0,0,0,0,0,0,0,0,0,0,0,0,0
0.0261451600259454,0,0,0,0,0,0,0,0,0,0,0,0,0,0,0,0,0,0,0,0,0,0,0,0
0.0267974608732569,0,0,0,0,0,0,0,0,0,0,0,0,0,0,0,0,0,0,0,0,0,0,0,0
0.0274660361053869,0,0,0,0,0,0,0,0,0,0,0,0,0,0,0,0,0,0,0,0,0,0,0,0
0.0281512917552301,0,0,0,0,0,0,0,0,0,0,0,0,0,0,0,0,0,0,0,0,0,0,0,0
0.0288536439858773,0,0,0,0,0,0,0,0,0,0,0,0,0,0,0,0,0,0,0,0,0,0,0,0
0.0295735193433559,0,0,0,0,0,0,0,0,0,0,0,0,0,0,0,0,0,0,0,0,0,0,0,0
0.0303113550156758,0,0,0,0,0,0,0,0,0,0,0,0,0,0,0,0,0,0,0,0,0,0,0,0
0.0310675990983383,0,0,0,0,0,0,0,0,0,0,0,0,0,0,0,0,0,0,0,0,0,0,0,0
0.0318427108664694,0,0,0,0,0,0,0,0,0,0,0,0,0,0,0,0,0,0,0,0,0,0,0,0
0.0326371610537424,0,0,0,0,0,0,0,0,0,0,0,0,0,0,0,0,0,0,0,0,0,0,0,0
0.0334514321382594,0,0,0,0,0,0,0,0,0,0,0,0,0,0,0,0,0,0,0,0,0,0,0,0
0.0342860186355659,0,0,0,0,0,0,0,0,0,0,0,0,0,0,0,0,0,0,0,0,0,0,0,0
0.0351414273989746,0,0,0,0,0,0,0,0,0,0,0,0,0,0,0,0,0,0,0,0,0,0,0,0
0.0360181779273837,0,0,0,0,0,0,0,0,0,0,0,0,0,0,0,0,0,0,0,0,0,0,0,0
0.0369168026807734,0,0,0,0,0,0,0,0,0,0,0,0,0,0,0,0,0,0,0,0,0,0,0,0
0.037837847403575,0,0,0,0,0,0,0,0,0,0,0,0,0,0,0,0,0,0,0,0,0,0,0,0
0.0387818714561072,0,0,0,0,0,0,0,0,0,0,0,0,0,0,0,0,0,0,0,0,0,0,0,0
0.0397494481542816,0,0,0,0,0,0,0,0,0,0,0,0,0,0,0,0,0,0,0,0,0,0,0,0
0.0407411651177836,0,0,0,0,0,0,0,0,0,0,0,0,0,0,0,0,0,0,0,0,0,0,0,0
0.04175762462694,0,0,0,0,0,0,0,0,0,0,0,0,0,0,0,0,0,0,0,0,0,0,0,0
0.0427994439884906,0,0,0,0,0,0,0,0,0,0,0,0,0,0,0,0,0,0,0,0,0,0,0,0
0.043867255910485,0,0,0,0,0,0,0,0,0,0,0,0,0,0,0,0,0,0,0,0,0,0,0,0
0.0449617088865327,0,0,0,0,0,0,0,0,0,0,0,0,0,0,0,0,0,0,0,0,0,0,0,0
0.0460834675896409,0,0,0,0,0,0,0,0,0,0,0,0,0,0,0,0,0,0,0,0,0,0,0,0
0.0472332132758767,0,0,0,0,0,0,0,0,0,0,0,0,0,0,0,0,0,0,0,0,0,0,0,0
0.0484116441981019,0,0,0,0,0,0,0,0,0,0,0,0,0,0,0,0,0,0,0,0,0,0,0,0
0.049619476030029,0,0,0,0,0,0,0,0,0,0,0,0,0,0,0,0,0,0,0,0,0,0,0,0
0.0508574423008578,0,0,0,0,0,0,0,0,0,0,0,0,0,0,0,0,0,0,0,0,0,0,0,0
0.0521262948407553,0,0,0,0,0,0,0,0,0,0,0,0,0,0,0,0,0,0,0,0,0,0,0,0
0.0534268042374502,0,0,0,0,0,0,0,0,0,0,0,0,0,0,0,0,0,0,0,0,0,0,0,0
0.0547597603042194,0,0,0,0,0,0,0,0,0,0,0,0,0,0,0,0,0,0,0,0,0,0,0,0
0.0561259725595497,0,0,0,0,0,0,0,0,0,0,0,0,0,0,0,0,0,0,0,0,0,0,0,0
0.0575262707187672,0,0,0,0,0,0,0,0,0,0,0,0,0,0,0,0,0,0,0,0,0,0,0,0
0.0589615051979322,0,0,0,0,0,0,0,0,0,0,0,0,0,0,0,0,0,0,0,0,0,0,0,0
0.0604325476303062,0,0,0,0,0,0,0,0,0,0,0,0,0,0,0,0,0,0,0,0,0,0,0,0
0.0619402913957038,0,0,0,0,0,0,0,0,0,0,0,0,0,0,0,0,0,0,0,0,0,0,0,0
0.0634856521630522,0,0,0,0,0,0,0,0,0,0,0,0,0,0,0,0,0,0,0,0,0,0,0,0
0.0650695684464862,0,0,0,0,0,0,0,0,0,0,0,0,0,0,0,0,0,0,0,0,0,0,0,0
0.0666930021753185,0,0,0,0,0,0,0,0,0,0,0,0,0,0,0,0,0,0,0,0,0,0,0,0
0.0683569392782293,0,0,0,0,0,0,0,0,0,0,0,0,0,0,0,0,0,0,0,0,0,0,0,0
0.0700623902820312,0,0,0,0,0,0,0,0,0,0,0,0,0,0,0,0,0,0,0,0,0,0,0,0
0.0718103909253735,0,0,0,0,0,0,0,0,0,0,0,0,0,0,0,0,0,0,0,0,0,0,0,0
0.0736020027877568,0,0,0,0,0,0,0,0,0,0,0,0,0,0,0,0,0,0,0,0,0,0,0,0
0.0754383139342418,0,0,0,0,0,0,0,0,0,0,0,0,0,0,0,0,0,0,0,0,0,0,0,0
0.0773204395762431,0,0,0,0,0,0,0,0,0,0,0,0,0,0,0,0,0,0,0,0,0,0,0,0
0.0792495227488086,0,0,0,0,0,0,0,0,0,0,0,0,0,0,0,0,0,0,0,0,0,0,0,0
0.0812267350047972,0,0,0,0,0,0,0,0,0,0,0,0,0,0,0,0,0,0,0,0,0,0,0,0
0.0832532771263752,0,0,0,0,0,0,0,0,0,0,0,0,0,0,0,0,0,0,0,0,0,0,0,0
0.0853303798542646,0,0,0,0,0,0,0,0,0,0,0,0,0,0,0,0,0,0,0,0,0,0,0,0
0.0874593046351845,0,0,0,0,0,0,0,0,0,0,0,0,0,0,0,0,0,0,0,0,0,0,0,0
0.0896413443879415,0,0,0,0,0,0,0,0,0,0,0,0,0,0,0,0,0,0,0,0,0,0,0,0
0.0918778242886334,0,0,0,0,0,0,0,0,0,0,0,0,0,0,0,0,0,0,0,0,0,0,0,0
0.0941701025754421,0,0,0,0,0,0,0,0,0,0,0,0,0,0,0,0,0,0,0,0,0,0,0,0
0.0965195713735071,0,0,0,0,0,0,0,0,0,0,0,0,0,0,0,0,0,0,0,0,0,0,0,0
0.0989276575403771,0,0,0,0,0,0,0,0,0,0,0,0,0,0,0,0,0,0,0,0,0,0,0,0
0.101395823532557,0,0,0,0,0,0,0,0,0,0,0,0,0,0,0,0,0,0,0,0,0,0,0,0
0.103925568293671,0,0,0,0,0,0,0,0,0,0,0,0,0,0,0,0,0,0,0,0,0,0,0,0
0.106518428164792,0,0,0,0,0,0,0,0,0,0,0,0,0,0,0,0,0,0,0,0,0,0,0,0
0.10917597781747,0,0,0,0,0,0,0,0,0,0,0,0,0,0,0,0,0,0,0,0,0,0,0,0
0.111899831210057,0,0,0,0,0,0,0,0,0,0,0,0,0,0,0,0,0,0,0,0,0,0,0,0
0.114691642567873,0,0,0,0,0,0,0,0,0,0,0,0,0,0,0,0,0,0,0,0,0,0,0,0
0.117553107387837,0,0,0,0,0,0,0,0,0,0,0,0,0,0,0,0,0,0,0,0,0,0,0,0
0.120485963468163,3.14159265358979,0,3.14159265358979,0,0,0,0,0,0,0,0,0,0,0,0,0,0,0,0,0,0,0,0,0
0.12349199196374,3.14159265358979,0,3.14159265358979,0,0,0,0,0,0,0,0,0,0,0,0,0,0,0,0,0,0,0,0,0
0.12657301846785,3.14159265358979,0,3.14159265358979,0,0,0,0,0,0,0,0,0,0,0,0,0,0,0,0,0,0,0,0,0
0.129730914120867,3.14159265358979,0,3.14159265358979,0,0,0,0,0,0,0,0,0,0,0,0,0,0,0,0,0,0,0,0,0
0.132967596746621,3.14159265358979,0,3.14159265358979,0,0,0,0,0,0,0,0,0,0,0,0,0,0,0,0,0,0,0,0,0
0.136285032017116,3.14159265358979,0,3.14159265358979,0,0,0,0,0,0,0,0,0,0,0,0,0,0,0,0,0,0,0,0,0
0.139685234646299,3.14159265358979,0,3.14159265358979,0,0,0,0,0,0,0,0,0,0,0,0,0,0,0,0,0,0,0,0,0
0.143170269613623,3.14159265358979,0,3.14159265358979,0,0,0,0,0,0,0,0,0,0,0,0,0,0,0,0,0,0,0,0,0
0.146742253418125,3.14159265358979,0,3.14159265358979,0,0,0,0,0,0,0,0,0,0,0,0,0,0,0,0,0,0,0,0,0
0.150403355363802,3.14159265358979,0,3.14159265358979,0,0,0,0,0,0,0,0,0,0,0,0,0,0,0,0,0,0,0,0,0
0.154155798877055,3.14159265358979,0,3.14159265358979,0,0,0,0,0,0,0,0,0,0,0,0,0,0,0,0,0,0,0,0,0
0.158001862856992,3.14159265358979,0,3.14159265358979,0,0,0,0,0,0,0,0,0,0,0,0,0,0,0,0,0,0,0,0,0
0.161943883059437,3.14159265358979,0,3.14159265358979,0,0,0,0,0,0,0,0,0,0,0,0,0,0,0,0,0,0,0,0,0
0.165984253515451,3.14159265358979,0,3.14159265358979,0,0,0,0,0,0,0,0,0,0,0,0,0,0,0,0,0,0,0,0,0
0.170125427985259,3.14159265358979,0,3.14159265358979,0,0,0,0,0,0,0,0,0,0,0,0,0,0,0,0,0,0,0,0,0
0.174369921448443,3.14159265358979,0,3.14159265358979,0,0,0,0,0,0,0,0,0,0,0,0,0,0,0,0,0,0,0,0,0
0.178720311631314,3.14159265358979,0,3.14159265358979,0,0,0,0,0,0,0,0,0,0,0,0,0,0,0,0,0,0,0,0,0
0.183179240572395,3.14159265358979,0,3.14159265358979,0,0,0,0,0,0,0,0,0,0,0,0,0,0,0,0,0,0,0,0,0
0.187749416226959,3.14159265358979,0,3.14159265358979,0,0,0,0,0,0,0,0,0,0,0,0,0,0,0,0,0,0,0,0,0
0.192433614111598,3.14159265358979,0,3.14159265358979,0,0,0,0,0,0,0,0,0,0,0,0,0,0,0,0,0,0,0,0,0
0.197234678989826,3.14159265358979,0,3.14159265358979,0,0,0,0,0,0,0,0,0,0,0,0,0,0,0,0,0,0,0,0,0
0.202155526599732,3.14159265358979,0,3.14159265358979,0,0,0,0,0,0,0.291061082703769,-0.28828302522883,0.00277805747493902,0,0,0,0,0,0,0,0,0,0.0164015774903755,-0.0162942472444893,0.000107330245886188
0.20719914542474,3.14159265358979,0,3.14159265358979,0,0,0,0,0,0,0.31418891474496,-0.311271406721922,0.00291750802303824,0,0,0,0,0,0,0,0,0,0.0354728584956425,-0.0352263385739658,0.000246519921676688
0.212368598508548,3.14159265358979,0,3.14159265358979,0,0,0,0,0,0,0.328787942262228,-0.325723056037102,0.00306488622512627,0,0,0,0,0,0,0,0,0,0.053457077577216,-0.053064228633308,0.000392848943907962
0.217667025315346,3.14159265358979,0,3.14159265358979,0,0,0,0,0,0,0.339979822180386,-0.336759740788029,0.00322008139235728,0,0,0,0,0,0,0,0,0,0.0705263560207228,-0.0699796735252565,0.000546682495466212
0.223097643636445,3.14159265358979,0,3.14159265358979,0,0,0,0,0,0,0.349297340708493,-0.345913984773479,0.00338335593501392,0,0,0,0,0,0,0,0,0,0.0868097128050335,-0.0861013073186975,0.00070840548633598
0.228663751544481,3.14159265358979,0,3.14159265358979,0,0,0,0,0,0,0.357420388805429,-0.353865320242592,0.00355506856283746,0,0,0,0,0,0,0,0,0,0.102400879801907,-0.101522455919608,0.000878423882299261
0.234368729396361,3.14159265358979,0,3.14159265358979,0,0,0,0,0,0,0.364748143190394,-0.361012521419826,0.00373562177056769,0,0,0,0,0,0,0,0,0,0.117349775927711,-0.116292608570584,0.00105716735712679
0.240216041886201,3.14159265358979,0,3.14159265358979,0,0,0,0,0,0,0.371473269033167,-0.367547810610597,0.00392545842256987,0,0,0,0,0,0,0,0,0,0.13172649484487,-0.130481408779794,0.00124508606507538
0.246209240149463,3.14159265358979,0,3.14159265358979,0,0,0,0,0,0,0.378099506800565,-0.373974504487877,0.00412500231268859,0,0,0,0,0,0,0,0,0,0.145650589939764,-0.144207942110949,0.00144264782881496
0.2523519639196,3.14159265358979,0,3.14159265358979,0,0,0,0,0,0,0.383632001991073,-0.379297110603711,0.00433489138736217,0,0,0,0,0,0,0,0,0,0.158975225015041,-0.157324853376621,0.0016503716384202
0.258647943738508,3.14159265358979,0,3.14159265358979,0,0,0,0,0,0,0.389254317840522,-0.38469880759502,0.00455551024550184,0,0,0,0,0,0,0,0,0,0.171929743893774,-0.170060979417695,0.00186876447607913
0.265101003222122,3.14159265358979,0,3.14159265358979,0,0,0,0,0,0,0.394685386095482,-0.389897929820179,0.00478745627530265,0,0,0,0,0,0,0,0,0,0.184483279502646,-0.182384892444582,0.00209838705806446
0.271715061382535,3.14159265358979,0,3.14159265358979,0,0,0,0,0,0,0.39988877125983,-0.394857443624091,0.00503132763573941,0,0,0,0,0,0,0,0,0,0.196647308053103,-0.194307482298538,0.00233982575456459
0.278494135008065,3.14159265358979,0,3.14159265358979,0,0,0,0,0,0,0.405009566771315,-0.399721843645871,0.00528772312544392,0,0,0,0,0,0,0,0,0,0.208479161250318,-0.205885470094257,0.00259369115606097
0.285442341102683,3.14159265358979,0,3.14159265358979,0,0,0,0,0,0,0.409944616212135,-0.404387299407191,0.00555731680494351,0,0,0,0,0,0,0,0,0,0.219962522740707,-0.217101885333242,0.0028606374074655
0.292563899386323,3.14159265358979,0,3.14159265358979,0,0,0,0,0,0,0.414802620548418,-0.408961841619082,0.00584077892933568,0,0,0,0,0,0,0,0,0,0.231162257205343,-0.228020917464593,0.00314133974075021
0.299863134857557,3.14159265358979,0,3.14159265358979,0,0,0,0,0,0,0.419582256721879,-0.413443420833686,0.00613883588819355,0,0,0,0,0,0,0,0,0,0.242078292310628,-0.23864177198604,0.00343652032458732
0.307344480420214,3.14159265358979,0,3.14159265358979,0,0,0,0,0,0,0.424290924738716,-0.417838673391287,0.0064522513474295,0,0,0,0,0,0,0,0,0,0.25272081613534,-0.248973877569887,0.00374693856545316
0.315012479575533,3.14159265358979,0,3.14159265358979,0,0,0,0,0,0,0.428976166587949,-0.422194347559868,0.00678181902808098,0,0,0,0,0,0,0,0,0,0.26312156263833,-0.259048173132951,0.00407338950537853
0.322871789181476,3.14159265358979,0,3.14159265358979,0,0,0,0,0,0,0.433605619254508,-0.426477223219694,0.00712839603481459,0,0,0,0,0,0,0,0,0,0.273302050669907,-0.268885338278582,0.00441671239132425
0.330927182280889,3.14159265358979,0,3.14159265358979,0,0,0,0,0,0,0.43819061810472,-0.430697743441395,0.00749287466332491,0,0,0,0,0,0,0,0,0,0.283260303869585,-0.278482505854737,0.00477779801484797
0.339183551000225,3.14159265358979,0,3.14159265358979,0,0,0,0,0,0,0.442792144314303,-0.434915966580449,0.00787617773385348,0,0,0,0,0,0,0,0,0,0.293016195246486,-0.287858615900767,0.00515757934571967
0.347645909520579,3.14159265358979,0,3.14159265358979,0,0,0,0,0,0,0.447350136882577,-0.439070818320179,0.00827931856239857,0,0,0,0,0,0,0,0,0,0.30259074636753,-0.297033707686737,0.00555703868079369
0.356319397122859,3.14159265358979,0,3.14159265358979,0,0,0,0,0,0,0.451917651921159,-0.443214326301763,0.0087033256193968,0,0,0,0,0,0,0,0,0,0.311996963803849,-0.306019750108843,0.005977213695006
0.365209281308923,3.14159265358979,0,3.14159265358979,0,0,0,0,0,0,0.456656378677291,-0.447507149312604,0.00914922936468738,0,0,0,0,0,0,0,0,0,0.321299055261332,-0.314879879099891,0.00641917616144133
0.374320961000592,3.14159265358979,0,3.14159265358979,0,0,0,0,0,0,0.461086735612527,-0.451468328082858,0.00961840752966825,0,0,0,0,0,0,0,0,0,0.33031465718652,-0.323430492478071,0.00688416470844836
0.38365996981847,3.14159265358979,0,3.14159265358979,0,0,0,0,0,0,0.465684410812723,-0.455572535913687,0.0101118748990361,0,0,0,0,0,0,0,0,0,0.339260882816707,-0.331887574502184,0.00737330831452345
0.393231979442575,3.14159265358979,0,3.14159265358979,0,0,0,0,0,0,0.470353609594468,-0.459722647664813,0.0106309619296543,0,0,0,0,0,0,0,0,0,0.34808980623468,-0.340201891087583,0.00788791514709708
0.403042803056805,3.14159265358979,0,3.14159265358979,0,0,0,0,0,0,0.474964111915655,-0.463787003798197,0.0111771081174583,0,0,0,0,0,0,0,0,0,0.356823792573116,-0.348394461408974,0.00842933116414173
0.413098398879354,3.14159265358979,0,3.14159265358979,0,0,0,0,0,0,0.479636309916371,-0.467884624045363,0.0117516858710082,0,0,0,0,0,0,0,0,0,0.365381844410008,-0.356382801806511,0.00899904260349653
0.423404873781195,3.14159265358979,0,3.14159265358979,0,0,0,0,0,0,0.484290009673312,-0.471933739668106,0.0123562700052064,0,0,0,0,0,0,0,0,0,0.373828442183889,-0.364229911986328,0.00959853019756073
0.433968486994854,3.14159265358979,0,3.14159265358979,0,0,0,0,0,0,0.489125922349437,-0.476133607808986,0.0129923145404513,0,0,0,0,0,0,0,0,0,0.382272295450353,-0.37204298475264,0.0102293106977132
0.444795653915704,3.14159265358979,0,3.14159265358979,0,0,0,0,0,0,0.493923112160849,-0.480261434502534,0.0136616776583152,0,0,0,0,0,0,0,0,0,0.390615144487012,-0.379722004456364,0.0108931400306474
0.455892949998106,3.14159265358979,0,3.14159265358979,0,0,0,0,0,0,0.498796501279466,-0.484430445090965,0.0143660561885014,0,0,0,0,0,0,0,0,0,0.398866998046769,-0.38727520203288,0.0115917960138895
0.467267114748752,3.14159265358979,0,3.14159265358979,0,0,0,0,0,0,0.503738923099414,-0.488631583804463,0.0151073392949509,0,0,0,0,0,0,0,0,0,0.407087773598218,-0.394760668954629,0.0123271046435891
0.478925055819641,3.14159265358979,0,3.14159265358979,0,0,0,0,0,0,0.508720158305716,-0.492832607477981,0.015887550827735,0,0,0,0,0,0,0,0,0,0.415235303614962,-0.402134210444961,0.0131010931700012
0.490873853203166,3.14159265358979,0,3.14159265358979,0,0,0,0,0,0,0.513741294065571,-0.497032492903064,0.0167088011625062,0,0,0,0,0,0,0,0,0,0.42332059919357,-0.409404745112472,0.0139158540810983
0.503120763531875,3.14159265358979,0,3.14159265358979,0,0,0,0,0,0,0.51887708235556,-0.501303859266323,0.0175732230892369,0,0,0,0,0,0,0,0,0,0.431400845273364,-0.416627309287431,0.0147735359859329
0.515673224485497,3.14159265358979,0,3.14159265358979,0,0,0,0,0,0,0.524078622835424,-0.50559539964989,0.0184832231855341,0,0,0,0,0,0,0,0,0,0.439439460206071,-0.42376293391836,0.015676526287711
0.528538859307925,3.14159265358979,0,3.14159265358979,0,0,0,0,0,0,0.529344920926368,-0.509903630881152,0.0194412900452159,0,0,0,0,0,0,0,0,0,0.447459865719776,-0.430832594467724,0.0166272712520518
0.541725481436896,3.14159265358979,0,3.14159265358979,0,0,0,0,0,0,0.534735037552134,-0.514285084389798,0.0204499531623363,0,0,0,0,0,0,0,0,0,0.45549812726976,-0.43786979940769,0.0176283278620706
0.555241099249174,3.14159265358979,0,3.14159265358979,0,0,0,0,0,0,0.540019945507611,-0.518507542951095,0.0215124025565159,0,0,0,0,0,0,0,0,0,0.463383663615021,-0.44470088888484,0.0186827747301815
0.569093920924123,3.14159265358979,0,3.14159265358979,0,0,0,0,0,0,0.545663887695764,-0.523033171141782,0.0226307165539816,0,0,0,0,0,0,0,0,0,0.471473320592771,-0.451680438714142,0.0197928818786294
0.58329235942862,3.14159265358979,0,3.14159265358979,0,0,0,0,0,0,0.55130128983339,-0.527492609872359,0.0238086799610304,0,0,0,0,0,0,0,0,0,0.479496437248076,-0.45853418694619,0.0209622503018863
0.597845037626346,3.14159265358979,0,3.14159265358979,0,0,0,0,0,0,0.557124272575682,-0.532075105615082,0.0250491669606004,0,0,0,0,0,0,0,0,0,0.487604429022084,-0.465410596845813,0.0221938321762705
0.612760793514536,3.14159265358979,0,3.14159265358979,0,0,0,0,0,0,0.562942965007105,-0.536586859587596,0.0263561054195093,0,0,0,0,0,0,0,0,0,0.495653152117546,-0.472161712241828,0.023491439875718
0.628048685591393,3.14159265358979,0,3.14159265358979,0,0,0,0,0,0,0.568918557679027,-0.541185774614325,0.0277327830647021,0,0,0,0,0,0,0,0,0,0.503779809635099,-0.478921403504021,0.0248584061310777
0.643717998357412,3.14159265358979,0,3.14159265358979,0,0,0,0,0,0,0.575042717233403,-0.545859627824396,0.0291830894090068,0,0,0,0,0,0,0,0,0,0.511914937424083,-0.485616128241135,0.026298809182948
0.659778247953954,3.14159265358979,0,3.14159265358979,0,0,0,0,0,0,0.581218963531618,-0.550507507195935,0.0307114563356822,0,0,0,0,0,0,0,0,0,0.52014266664817,-0.49232616179669,0.0278165048514799
0.676239187942502,3.14159265358979,0,3.14159265358979,0,0,0,0,0,0,0.587560905319529,-0.555239016171402,0.0323218891481268,0,0,0,0,0,0,0,0,0,0.528414556391875,-0.49899855420363,0.0294160021882452
0.693110815228103,3.14159265358979,0,3.14159265358979,0,0,0,0,0,0,0.59408287573261,-0.560063952544192,0.0340189231884177,0,0,0,0,0,0,0,0,0,0.536797528725108,-0.505695867497916,0.0311016612271917
0.710403376130596,3.14159265358979,0,3.14159265358979,0,0,0,0,0,0,0.600713222451072,-0.564905487566019,0.0358077348850536,0,0,0,0,0,0,0,0,0,0.545225579666927,-0.512346950027912,0.0328786296390151
0.728127372607309,3.14159265358979,0,3.14159265358979,0,0,0,1.00812468410365,-0.398461856337264,0.609662827766387,0.607495994467997,-0.569802651092167,0.0376933433758307,0,0,0,0,0,0,0.0374274274702719,-0.0271752227355516,0.0102522047347203,0.553737505201132,-0.5189855620232,0.0347519431779318
0.746293568631014,3.14159265358979,0,3.14159265358979,3.14159265358979,0,3.14159265358979,1.02528724878422,-0.443153461287157,0.582133787497067,0.614437036777155,-0.574755815029287,0.0396812217478681,0,0,0,0,0,0,0.0835112116439088,-0.0590555807518939,0.0244556308920149,0.562389951996276,-0.525663149191627,0.0367268028046483
0.764912996727,3.14159265358979,0,3.14159265358979,3.14159265358979,0,3.14159265358979,1.06144970600368,-0.472322190983827,0.589127515019853,0.621569882712946,-0.579792871210724,0.0417770115022227,0,0,0,0,0,0,0.128922633838267,-0.088858954797253,0.0400636790410142,0.571098283482079,-0.532288808879555,0.0388094746025237
0.783996964673246,3.14159265358979,0,3.14159265358979,3.14159265358979,0,3.14159265358979,1.10284090086596,-0.495154232682027,0.607686668183933,0.62890993278207,-0.584923170213434,0.0439867625686357,0,0,0,0,0,0,0.174199392589111,-0.117009631184768,0.0571897614043437,0.579947879988361,-0.538942206838878,0.0410056731494822
0.803557062367754,3.14159265358979,0,3.14159265358979,3.14159265358979,0,3.14159265358979,1.14699231883111,-0.514499158889483,0.632493159941629,0.63637525048943,-0.590057701892588,0.0463175485968419,0,0,0,0,0,0,0.219779903917528,-0.143820987154696,0.0759589167628321,0.588938853685994,-0.545616936750584,0.0433219169354098
0.823605168867216,3.14159265358979,0,3.14159265358979,3.14159265358979,0,3.14159265358979,1.19321339251123,-0.531587338049667,0.661626054461566,0.644088206425758,-0.595312704462886,0.048775501962872,0,0,0,0,0,0,0.265990691372751,-0.169460736643735,0.096529954729016,0.598112277581026,-0.55234745534095,0.0457648222400765
0.844153459601298,3.14159265358979,0,3.14159265358979,3.14159265358979,0,3.14159265358979,1.2412314947384,-0.547129282829639,0.694102211908759,0.651926771367569,-0.600557864718457,0.051368906649112,0,0,0,0,0,0,0.313164917542634,-0.194100252069631,0.119064665473003,0.607366408483959,-0.559023881553898,0.0483425269300617
0.865214413766905,3.14159265358979,0,3.14159265358979,3.14159265358979,0,3.14159265358979,1.29092251822577,-0.561525753867842,0.72939676435793,0.660002553061708,-0.605897803957523,0.0541047491041847,0,0,0,0,0,0,0.361596057615638,-0.21784477169094,0.143751285924698,0.616784357880147,-0.565722103935859,0.0510622539442879
0.886800821906929,3.14159265358979,0,3.14159265358979,3.14159265358979,0,3.14159265358979,1.34213716853335,-0.575123527651988,0.767013640881364,0.668340472390421,-0.611349436045701,0.0569910363447193,0,0,0,0,0,0,0.411588721224576,-0.240808919549072,0.170779801675504,0.626415964710083,-0.5724841494078,0.0539318153022826
0.908925793678086,3.14159265358979,0,3.14159265358979,3.14159265358979,0,3.14159265358979,1.39494091177326,-0.587831136077632,0.807109775695632,0.678013232393858,-0.617988395655275,0.0600248367385829,0,0,0,0,0,0,0.463399435339915,-0.262997581823333,0.200401853516583,0.637261525252654,-0.580312515699204,0.0569490095534501
0.931602765812552,3.14159265358979,0,3.14159265358979,3.14159265358979,0,3.14159265358979,1.44874975968082,-0.600416173812408,0.848333585868409,0.685689674570167,-0.622437981637841,0.063251692932326,0,0,0,0,0,0,0.51739413824865,-0.284671676443224,0.232722461805427,0.646242263607427,-0.586085470202718,0.0601567934047083
0.954845510278229,3.14159265358979,0,3.14159265358979,3.14159265358979,0,3.14159265358979,1.50378742240197,-0.612390692724333,0.891396729677639,0.694679747235955,-0.628034028643095,0.0666457185928596,0,0,0,0,0,0,0.573776368868046,-0.305716223690053,0.268060145177993,0.656432724339705,-0.592901128170312,0.0635315961693932
0.978668142642614,3.14159265358979,0,3.14159265358979,3.14159265358979,0,3.14159265358979,1.55968192688546,-0.624042989883272,0.935638937002188,0.704047377581937,-0.63382014719911,0.0702272303828273,0,0,0,0,0,0,0.632827220157889,-0.326209067336584,0.306618152821305,0.666876203702425,-0.599781919501936,0.0670942842004888
1.00308513064533,3.14159265358979,0,3.14159265358979,3.14159265358979,0,3.14159265358979,1.61627165645291,-0.635333073249491,0.980938583203416,0.713649600154402,-0.639640364182914,0.0740092359714873,0,0,0,0,0,0,0.694792832208214,-0.34625409327467,0.348538738933544,0.677593114581923,-0.606737467600244,0.0708556469816792
1.02811130298454,3.14159265358979,0,3.14159265358979,3.14159265358979,0,3.14159265358979,1.67309874792164,-0.646496629743534,1.0266021181781,0.723562173902634,-0.645559653346407,0.0780025205562268,0,0,0,0,0,0,0.759865782634155,-0.365836909796436,0.394028872837719,0.68852859042963,-0.613700209426006,0.0748283810036234
1.05376185832258,3.14159265358979,0,3.14159265358979,3.14159265358979,0,3.14159265358979,1.73005808464062,-0.657374711756098,1.07268337288452,0.733753189944078,-0.651532963431487,0.0822202265125912,0,0,0,0,0,0,0.828190485175026,-0.385002283738743,0.443188201436283,0.699780934625051,-0.620757488374573,0.0790234462504784
1.08005237451625,3.14159265358979,0,3.14159265358979,3.14159265358979,0,3.14159265358979,1.78657703044954,-0.668250530262613,1.11832650018693,0.744252016281283,-0.6575767080333,0.086675308247983,0,0,0,0,0,0,0.899805353460117,-0.403832751811712,0.495972601648406,0.711228944113486,-0.627772433746907,0.0834565103665792
1.10699881807746,3.14159265358979,0,3.14159265358979,3.14159265358979,0,3.14159265358979,1.84264822807354,-0.678876408818318,1.16377181925523,0.755163777531833,-0.663784044001127,0.0913797335307061,0,0,0,0,0,0,0.974702282511379,-0.422259284739591,0.552442997771787,0.723086169171951,-0.634948638245911,0.0881375309260406
1.13461755386979,3.14159265358979,0,3.14159265358979,3.14159265358979,0,3.14159265358979,1.89774165650432,-0.689491490114527,1.2082501663898,0.766387052757745,-0.670036417656942,0.0963506351008032,0,0,0,0,0,0,1.05263006317023,-0.440430550416034,0.612199512754196,0.735213045875379,-0.642128618937914,0.0930844269374649
1.16292535504711,3.14159265358979,0,3.14159265358979,3.14159265358979,0,3.14159265358979,1.95175287657839,-0.699974026325666,1.25177885025273,0.778024438383779,-0.676422883923701,0.101601554460078,0,0,0,0,0,0,1.13329424547429,-0.458298738351965,0.674995507122322,0.747738200558361,-0.64942809073651,0.0983101098218513
1.19193941324008,3.14159265358979,0,3.14159265358979,3.14159265358979,0,3.14159265358979,2.00429767515539,-0.710470165146439,1.29382751000895,0.789991355240073,-0.682839690258872,0.107151664981201,0,0,0,0,0,0,1.21617236515119,-0.475917627621959,0.740254737529234,0.760568345359788,-0.656734419849833,0.103833925509954
1.22167734899679,3.14159265358979,0,3.14159265358979,3.14159265358979,0,3.14159265358979,2.05517584594481,-0.720998103764183,1.33417774218062,0.802421979387663,-0.689406847184983,0.11301513220268,0,0,0,0,0,0,1.30062827805461,-0.493296427403333,0.807331850651279,0.773787306385546,-0.664115668924853,0.109671637460693
1.25215722248393,3.14159265358979,0,3.14159265358979,3.14159265358979,0,3.14159265358979,2.10451049001341,-0.731331611290682,1.37317887872273,0.815244871177892,-0.696031762734499,0.119213108443393,0,0,0,0,0,0,1.38595347046936,-0.51041401579041,0.875539454678951,0.787398343116467,-0.671556150518341,0.115842192598126
1.28339754445492,3.14159265358979,0,3.14159265358979,3.14159265358979,0,3.14159265358979,2.15181703302954,-0.741798638781425,1.41001839424811,0.828606008377575,-0.702845530176473,0.125760478201102,0,0,0,0,0,0,1.47116503597428,-0.527383788236381,0.943781247737902,0.80151476386731,-0.679153245489798,0.122361518377512
1.31541728749167,3.14159265358979,0,3.14159265358979,3.14159265358979,0,3.14159265358979,2.19724530717484,-0.752212149665164,1.44503315750967,0.842328866211157,-0.709643626251817,0.13268523995934,0,0,0,0,0,0,1.55552681184275,-0.54413392803145,1.0113928838113,0.815997070019637,-0.686740914188239,0.129256155831398
1.34823589752686,3.14159265358979,0,3.14159265358979,3.14159265358979,0,3.14159265358979,2.24061719620317,-0.762702054766213,1.47791514143696,0.856672274459045,-0.716673140529922,0.139999133929124,0,0,0,0,0,0,1.63817333628024,-0.560706162237158,1.07746717404308,0.831028422271372,-0.694487340700804,0.136541081570568
1.38187330565363,3.14159265358979,0,3.14159265358979,3.14159265358979,0,3.14159265358979,2.28195477679877,-0.773249367345429,1.50870540945334,0.871482873031722,-0.723750540357112,0.14773233267461,0,0,0,0,0,0,1.71825077093679,-0.577181570806831,1.14106920012996,0.846497752359632,-0.702252774422822,0.144244977936809
1.41634994022999,3.14159265358979,0,3.14159265358979,3.14159265358979,0,3.14159265358979,2.32139744999905,-0.783740252265202,1.53765719773385,0.886823599717892,-0.730916433100256,0.155907166617635,0,0,0,0,0,0,1.79536530947914,-0.593454433850418,1.20191087562873,0.862540114445321,-0.710153885626955,0.152386228818367
1.45168673928515,3.14159265358979,0,3.14159265358979,3.14159265358979,0,3.14159265358979,2.35879541695596,-0.794362203208199,1.56443321374776,0.902817954427448,-0.738275311085836,0.164542643341611,0,0,0,0,0,0,1.86884561563541,-0.609661757929016,1.2591838577064,0.879150425725117,-0.718159489956902,0.160990935768215
1.48790516323539,3.14159265358979,0,3.14159265358979,3.14159265358979,0,3.14159265358979,2.3943172875965,-0.805006462364329,1.58931082523217,0.919339697420913,-0.745665837732934,0.173673859687979,0,0,0,0,0,0,1.93854191358739,-0.625733313637362,1.31280859995003,0.896294985060577,-0.7262059477211,0.170089037339477
1.52502720791725,3.14159265358979,0,3.14159265358979,3.14159265358979,0,3.14159265358979,2.42797467068363,-0.815734622351966,1.61224004833166,0.936577813047765,-0.753260804765358,0.183317008282407,0,0,0,0,0,0,2.00424063993069,-0.641714611747096,1.36252602818359,0.914118121139137,-0.734418421407901,0.179699699731236
1.56307541794582,3.14159265358979,0,3.14159265358979,3.14159265358979,0,3.14159265358979,2.45980518049343,-0.82659827411634,1.63320690637709,0.954446238817212,-0.760938367409218,0.193507871407994,0,0,0,0,0,0,2.06583829241385,-0.65766168752716,1.40817660488669,0.932552428603263,-0.742694740727402,0.189857687875862
1.60207290040628,3.14159265358979,0,3.14159265358979,3.09927224754918,-0.478537212285626,2.62073503526355,2.49001797549442,-0.83745067525142,1.652567300243,0.973039062813226,-0.76876895272499,0.204270110088236,0,0,0,0.18180331240523,-0.0269296847632313,0.154873627641999,2.12360066132059,-0.673460596458988,1.4501400648616,0.951690349928331,-0.751103353998469,0.200586995929862
1.64204333888716,3.14159265358979,0,3.14159265358979,3.08517540139146,-0.573169428831249,2.51200597256021,2.5185545839514,-0.848468679088411,1.67008590486299,0.992364445979379,-0.776729616269423,0.215634829709956,0,0,0,0.863434128852792,-0.0808567487828044,0.782577380069988,2.17743454717097,-0.689266470628928,1.48816807654204,0.971541874272407,-0.759623042497383,0.211918831775024
1.68301100786358,3.14159265358979,0,3.14159265358979,3.07815323606595,-0.628660375228393,2.44949286083756,2.54560976359847,-0.859516879125853,1.68609288447261,1.0124130240263,-0.784776347997433,0.227636676028862,0,0,0,1.5927108395141,-0.130073309460456,1.46263753005364,2.22770670998783,-0.70496714380166,1.52273956618618,0.992099910029477,-0.768212019084884,0.223887890944594
1.7250007874394,3.14159265358979,0,3.14159265358979,3.07377423029078,-0.67152887453006,2.40224535576072,2.57118510904756,-0.870710135329762,1.7004749737178,1.03330661753305,-0.793010334748412,0.240296282784639,0,0,0,1.96782459936771,-0.175953262334509,1.7918713370332,2.27451633593954,-0.720649126786302,1.55386720915324,1.0134841500039,-0.776968790228421,0.236515359775478
1.76803817845721,3.14159265358979,0,3.14159265358979,3.07095068348245,-0.707521597667739,2.36342908581471,2.59538773353862,-0.882022776138596,1.71336495740002,1.05505385943172,-0.80140810051617,0.253645758915549,0,0,0,2.17592209737954,-0.218093623680569,1.95782847369897,2.31807020134521,-0.736342067505235,1.58172813383997,1.03570508612483,-0.785871537383231,0.249833548741601
1.81214931798522,3.14159265358979,0,3.14159265358979,3.06912294779868,-0.73939660606387,2.32972634173481,2.61832609658042,-0.893414829795732,1.72491126678468,1.07763330423118,-0.809910604628011,0.267722699603171,0,0,0,2.26866282669315,-0.260369416202994,2.00829341049016,2.35870821521058,-0.751966885599359,1.60674132961122,1.05874385303535,-0.794863705448479,0.263880147586869
1.85736099519063,3.14159265358979,0,3.14159265358979,3.0680296348812,-0.768286019960649,2.29974361492055,2.64005433182715,-0.904924490818123,1.73512984100902,1.10113655075475,-0.818588399216045,0.282548151538701,0,0,0,2.34528819724561,-0.299733105660728,2.04555509158488,2.39658584667705,-0.767588167180773,1.62899767949628,1.08269122935874,-0.80401442517797,0.278676804180771
1.90370066760893,3.14159265358979,0,3.14159265358979,3.06746015891381,-0.795141346350931,2.27231881256288,2.6606081177038,-0.916626105818188,1.74398201188561,1.12557480071329,-0.827421694301352,0.298153106411938,0,0,0,2.40246017354319,-0.337585029790716,2.06487514375247,2.43187861371206,-0.783257468012948,1.64862114569911,1.10756001635628,-0.813305181488005,0.294254834868278
1.95119647781917,3.14159265358979,0,3.14159265358979,3.06729691092816,-0.820424527936755,2.2468723829914,2.68013676274387,-0.928380707253787,1.75175605549008,1.1509496687592,-0.836379650762625,0.314570017996573,0,0,0,2.44791150369673,-0.374124431349338,2.0737870723474,2.46488047291254,-0.798897647985263,1.66598282492728,1.13335354508033,-0.822706539374319,0.310647005706007
1.99987727053529,3.14159265358979,0,3.14159265358979,3.06745043994032,-0.844484885496485,2.22296555444383,2.69865767261971,-0.940279140793511,1.7583785318262,1.17734813886109,-0.845536936459154,0.331811202401938,0,0,0,2.48575138790174,-0.409496892326055,2.07625449557568,2.49573802958941,-0.814559117671267,1.68117891191814,1.16015833404589,-0.832291905426315,0.32786642861958
2.04977261012375,3.14159265358979,0,3.14159265358979,3.06784938930916,-0.867613392213437,2.20023599709573,2.71621120605947,-0.952376008050596,1.76383519800887,1.20473460972143,-0.854823331249759,0.349911278471669,0,0,0,2.51806248670131,-0.443900876398182,2.07416161030313,2.52458693510554,-0.830301010138326,1.69428592496721,1.18794132157836,-0.841993359779757,0.345947961798605
2.10091279855835,3.14159265358979,0,3.14159265358979,3.06845203476131,-0.889926133839165,2.17852590092214,2.73288276194982,-0.964623225716378,1.76825953623345,1.23318347158769,-0.864308882060361,0.368874589527329,0,0,0,2.54629332846565,-0.477471267170119,2.06882206129553,2.55165259694995,-0.846058628523006,1.70559396842695,1.21677674987987,-0.851879912882436,0.364896836997436
2.15332889382291,3.14159265358979,0,3.14159265358979,3.06921716563117,-0.911574637570233,2.15764252806094,2.74875784487918,-0.976948226723528,1.77180961815565,1.26267316383246,-0.873949485122693,0.388723678709764,0,0,0,2.57214795672719,-0.509992738128484,2.0621552185987,2.57708868479664,-0.861826353504621,1.71526233129202,1.2466450289559,-0.861909006060913,0.384736022894984
2.20705272877314,3.14159265358979,0,3.14159265358979,3.07010916537247,-0.93270666002856,2.13740250534391,2.76384579018722,-0.989452629020191,1.77439316116702,1.2932150366466,-0.883748552781033,0.409466483865564,0,0,0,2.59543008142148,-0.541845087059889,2.05358499436159,2.6009909895363,-0.877663662738776,1.72332732679753,1.27755858847549,-0.872084465405146,0.40547412307034
2.26211693046903,3.14131326668498,-0.469692589911078,2.6716206767739,3.07110477036319,-0.953392650201918,2.11771212016127,2.77820865085259,-1.00210516178614,1.77610348906645,1.32485345973921,-0.893765147971742,0.431088311767473,2.61710263327074,-0.0103347368291803,2.60676789644156,2.61665773932747,-0.573100323291604,2.04355741603587,2.62347540120482,-0.893593107526864,1.72988229367796,1.3095769746054,-0.882485548402203,0.427091426203194
2.31855493998966,3.14105823703337,-0.686345418313165,2.4547128187202,3.07218108198844,-0.973728613800784,2.09845246818766,2.79189456207057,-1.01489705909132,1.77699750297925,1.35754509241862,-0.903949836542063,0.453595255876559,2.54062050025761,-0.096563836637898,2.44405666361971,2.63631423996942,-0.603748133477874,2.03256610649155,2.64473463417529,-0.9094844283221,1.73525020585319,1.34261429501948,-0.893001864284944,0.449612430734538
2.3764010327423,3.14095125725461,-0.779412227160271,2.36153903009434,3.07332579206576,-0.99372346384385,2.07960232822191,2.80490476955654,-1.02795919829481,1.77694557126173,1.39130404576707,-0.914345640812351,0.476958404954714,2.52600089578596,-0.170977804944804,2.35502309084116,2.65469623156441,-0.633800793962435,2.02089543760198,2.66473378074199,-0.925579977466483,1.73915380327551,1.37672974948089,-0.90373858096394,0.472991168516947
2.43569033927825,3.14088199249132,-0.846583619215239,2.29429837327608,3.07451855748784,-1.01349835277095,2.06102020471689,2.81733910431252,-1.04110470453402,1.7762343997785,1.42607714419375,-0.924911984519386,0.501165159674364,2.52753055558466,-0.237895998473362,2.2896345571113,2.67189860538521,-0.663369033325572,2.00852957205964,2.68367567807125,-0.941688552964269,1.74198712510698,1.41185694009049,-0.914635469091677,0.497221470998817
2.49645886662798,3.14083306382629,-0.90106617867896,2.23976688514733,3.07575346630162,-1.03302647506938,2.04272699123224,2.82920439430243,-1.05442760468647,1.77477678961595,1.4618501494249,-0.935682207387261,0.52616794203764,2.53529412887479,-0.299340234072157,2.23595389480263,2.68808066498548,-0.692493945981985,1.9955867190035,2.70159785045069,-0.957901349996741,1.74369650045395,1.44798229961184,-0.92572576832684,0.522256531284996
2.55874352016859,3.14079742785034,-0.947788129625683,2.19300929822466,3.07701771740846,-1.0523796808662,2.02463803654226,2.84052644898688,-1.06796407179318,1.7725623771937,1.49858366798427,-0.946671931909977,0.551911736074296,2.54642739519825,-0.356425888632697,2.19000150656555,2.70342488848838,-0.721152003645146,1.98227288484324,2.71858464341294,-0.974207764124594,1.74437687928835,1.48506726792898,-0.937025331284445,0.548041936644537
2.62258212603685,3.14077136694095,-0.989174873220913,2.15159649372004,3.07830362205098,-1.07158191964223,2.00672170240875,2.85136137149912,-1.08161987773359,1.76974149376553,1.53620746999506,-0.957865580871033,0.578341889124029,2.55897133642861,-0.410028947500065,2.14894238892855,2.71793493715423,-0.749474151510105,1.96846078564413,2.73471918625564,-0.990576482746352,1.74414270350929,1.5230426082785,-0.948519242478759,0.574523365799744
2.6880134541014,3.14075261148201,-1.0266138301443,2.11413878133771,3.07960659993235,-1.09062166545077,1.98898493448158,2.86171327703585,-1.09550050560951,1.76621277142634,1.57464944594908,-0.96926334887638,0.605386097072701,2.57253832615844,-0.460617334833599,2.11192099132484,2.73177604391532,-0.777397051524087,1.95437899239123,2.75003393291622,-1.00708819276584,1.74294574015038,1.56183688246184,-0.960208089216391,0.601628793245448
2.75507724150814,3.14073950621245,-1.06111906095325,2.0796204452592,3.08091417313259,-1.10962941561624,1.97128475751635,2.87149205349642,-1.11020122709208,1.76129082640434,1.61385202158711,-0.980918777650749,0.632933243936362,2.58643200818526,-0.508691248836834,2.07774075934842,2.74500111974537,-0.804955493942915,1.94004562580246,2.76441027254099,-1.02428795944595,1.74012231309504,1.60139264806196,-0.972145154502251,0.629247493559705
2.82381421681297,3.14073106696798,-1.09319086212727,2.04754020484071,3.08223007864943,-1.12847937873107,1.95375069991836,2.88109674717296,-1.12387708944241,1.75721965773055,1.65369003205156,-0.992777711674152,0.660912320377408,2.60046423811441,-0.554562879126346,2.04590135898806,2.75762277708271,-0.83223767411092,1.92538510297179,2.77845837470552,-1.0405007067616,1.73795766794392,1.64158545059595,-0.984277341628181,0.657308108967767
2.89426612471675,3.14072648112702,-1.12325062203146,2.01747585909556,3.08354348874729,-1.14730626988297,1.93623721886432,2.89020006760974,-1.13825818919248,1.75194187841726,1.69406474943666,-1.00485560393129,0.689209145505374,2.61446850496641,-0.598503334877846,2.01596517008857,2.76973553971721,-0.859194956302406,1.91054058341481,2.79170111824738,-1.05730175202576,1.73439936622162,1.68231653949992,-0.996620265863954,0.685696273635962
2.96647575141723,3.14072498745907,-1.15177798296711,1.98894700449196,3.08485235464607,-1.16610486505048,1.91874748959558,2.89891192622395,-1.15293349147057,1.74597843475338,1.73487513706916,-1.01718882854606,0.717686308523106,2.62839700963718,-0.640693858846511,1.98770315079067,2.78135811135149,-0.885883122028814,1.89547498932268,2.80431284204771,-1.07432144873939,1.72999139330832,1.72348455429619,-1.00921027496836,0.714274279327827
3.04048695059361,3.14072618660098,-1.17890386240281,1.96182232419817,3.08615772518975,-1.18480052069854,1.90135720449121,2.90727897783227,-1.16775712141389,1.73952185641839,1.77600246006867,-1.02979681409321,0.746205645975459,2.64210266745167,-0.681372386953895,1.96073028049778,2.79249442038339,-0.912394461896257,1.88009995848713,2.81637183798838,-1.09142930537889,1.72494253260948,1.76497035521651,-1.02206699299067,0.742903362225844
3.11634467003934,3.14072967729123,-1.20481213169621,1.93591754559502,3.0874535972237,-1.20347931264642,1.88397428457728,2.91530956907541,-1.18279976730025,1.73250980177516,1.81728053183563,-1.04258157091132,0.774698960924308,2.6555753380063,-0.720676133069562,1.93489920493673,2.8032376730622,-0.938620503967363,1.86461716909484,2.82789890219866,-1.10868928359603,1.71920961860262,1.80660769145012,-1.03509367485222,0.771514016597901
3.19409497895939,3.14073509044896,-1.22970911294218,1.91102597750678,3.08876083164994,-1.22151814839109,1.86724268325885,2.92302370897243,-1.19805483256365,1.72496887640877,1.85863803845162,-1.05571789526654,0.802920143185083,2.66881158987822,-0.758715691342247,1.91009589853597,2.81375523913248,-0.964183030485208,1.84957220864727,2.83892942372055,-1.12610154865232,1.71282787506823,1.84832372567059,-1.0484638796353,0.799859846035291
3.27378509594858,3.14074213924111,-1.25374230418366,1.88699983505745,3.0900095626866,-1.24082501659372,1.84918454609288,2.93044465141252,-1.21347359373942,1.71697105767311,1.89989363824556,-1.0690665204731,0.830827117772459,2.68185596631688,-0.795522359174834,1.88633360714204,2.82355876061197,-0.990494555299328,1.83306420531265,2.84950288990064,-1.143627440892,1.70587544900864,1.88993687772028,-1.06203987794376,0.827896999776519
3.35546341766793,3.1407505932805,-1.27701847359852,1.86373211968198,3.09126716774807,-1.25949672890859,1.83177043883949,2.93757290120009,-1.22919362641448,1.70837927478561,1.94094104110469,-1.0827058589604,0.858235182144292,2.69448228600101,-0.83147906434834,1.86300322165267,2.8332007883698,-1.01613113394801,1.81706965442178,2.85962781145513,-1.16138023146419,1.69824757999094,1.93133954741159,-1.07589973762385,0.855439809787746
3.43917954823647,3.14076025576842,-1.29962897254197,1.84113128322646,3.09250875357171,-1.27821000627193,1.81429874729979,2.9444395994496,-1.24507703312401,1.69936256632558,1.98164559307163,-1.09660823757664,0.885037355494989,2.70689679049718,-0.86640622233335,1.84049056816383,2.84250599639375,-1.04165199866444,1.80085399772931,2.86935177714037,-1.17924935094154,1.69010242619883,1.97239614416363,-1.09001629426394,0.882379849899692
3.52498432935638,3.14077099086856,-1.32157305212699,1.81919793874157,3.09373524732659,-1.29690879017932,1.79682645714727,2.95105269530971,-1.26118136393392,1.68987133137578,2.02190316913248,-1.11083887298294,0.91106429614954,2.71904852092637,-0.900442276509111,1.81860624441726,2.85151893818963,-1.06698334481107,1.78453559337856,2.87869043018555,-1.19728878391128,1.68140164627427,2.01300124707732,-1.10445461249108,0.908546634586239
3.61292987118964,3.14078331799751,-1.34112462578911,1.7996586922084,3.09494466011827,-1.31564716483676,1.77929749528151,2.95742510017696,-1.27751570470926,1.6799093954677,2.0615906458302,-1.12534912386867,0.936241521961531,2.73152213677078,-0.932412334549719,1.79910980222106,2.86024061294587,-1.09219871621457,1.7680418967313,2.8876664436331,-1.21550546929436,1.67216097433874,2.05303085661191,-1.11916666802331,0.933864188588597
3.70306958400514,3.14079496040147,-1.36406901167059,1.77672594873088,3.09613698005638,-1.33441168781918,1.7617252922372,2.96357145544763,-1.29405613107755,1.66951532437008,2.10060996073742,-1.14014632398357,0.960463636753844,2.74250109126401,-0.966260846798182,1.77624024446582,2.86869507496406,-1.11727777887292,1.75141729609114,2.89630397905065,-1.23387966850188,1.66242431054877,2.09238588655616,-1.13416000058017,0.95822588597599
3.79545821061531,3.14080798502695,-1.38467201939183,1.75613596563512,3.09731170824971,-1.35321394687304,1.74409776137667,2.96950007671805,-1.31085485181178,1.65864522490627,2.13888178763185,-1.15528084364244,0.983600943989409,2.75382478523623,-0.998152016844552,1.75567276839168,2.87689655284428,-1.1422314694041,1.73466508344017,2.90461724236899,-1.25246350191511,1.65215374045388,2.13098595695474,-1.1494849602902,0.98150099666454
3.89015185962197,3.14082156331998,-1.40493099109941,1.73589057222058,3.09846918710794,-1.37202278996355,1.72644639714439,2.975224378467,-1.32788638466741,1.64733799379959,2.1763281798148,-1.17074976218181,1.00557841763299,2.76489450888962,-1.02942465345399,1.73546985543563,2.88485966078615,-1.16706123435933,1.71779842642683,2.91262835004663,-1.27123095237837,1.64139739766826,2.16875235166491,-1.16513891926787,1.00361343239705
3.98720803949173,3.14083561059285,-1.42489585636237,1.71593975423048,3.09960693673253,-1.39100145182724,1.70860548490529,2.98075474173046,-1.34515744143053,1.63559730029993,2.21288544530176,-1.18655649171703,1.02632895358473,2.77570981186385,-1.0601520385492,1.71555777331464,2.89257822784383,-1.19190626349074,1.7006719643531,2.92035331318246,-1.29019960024798,1.63015371293449,2.20562071855388,-1.18112553055046,1.02449518800343
4.08668569348148,3.14085005668519,-1.44459390731881,1.69625614936638,3.10072770607035,-1.40997763388322,1.69075007218712,2.98610149291426,-1.36266442614303,1.62343706677123,2.24850533283645,-1.20272344554974,1.0457818872867,2.78628406247885,-1.09036334911414,1.69592071336471,2.90009070184152,-1.21660520327606,1.68348549856545,2.92780946344156,-1.30935943168721,1.61845003175435,2.24154223933222,-1.19746735735392,1.0440748819783
4.18864523543527,3.14086483693621,-1.46405956197719,1.67680527495902,3.10183055198331,-1.42902466249915,1.67280588948416,2.99127286690623,-1.3804425490767,1.61083031782953,2.28314745929002,-1.21924390909812,1.0639035501919,2.79661946951161,-1.12012442188846,1.67649504762315,2.90739584700886,-1.24125336313583,1.66614248387303,2.93500955156092,-1.328750121396,1.60625943016492,2.27647617989185,-1.21415795612081,1.06231822377104
4.29314858647426,3.14087989067201,-1.48335235773302,1.65752753293899,3.10291567941568,-1.44814478341191,1.65477089600377,2.99627948861191,-1.39845496444734,1.59782452416457,2.31678595104758,-1.23613160137852,1.08065434966906,2.80672319370604,-1.14948623304176,1.65723696066428,2.91450538274392,-1.26585608953913,1.6486492932048,2.94197057519986,-1.34833409621194,1.59363647898792,2.3103964025664,-1.23121122015841,1.07918518240799
4.40025921260209,3.14089517027004,-1.50249540135887,1.63839976891117,3.10398323282905,-1.46735511002786,1.63662812280119,3.00112918034129,-1.41672242123336,1.58440675910793,2.34940622047405,-1.25340700739481,1.09599921307924,2.81660597371553,-1.17848013112644,1.63812584258909,2.92143039340869,-1.29041378783887,1.63101660556982,2.94870419688278,-1.36814366762119,1.5805605292616,2.3432890060618,-1.24865459372889,1.09463441233291
4.51004216324849,3.14091063238144,-1.52151764383604,1.61939298854541,3.10503351000301,-1.48666613630313,1.61836737369988,3.00582948898726,-1.43527786525173,1.57055162373553,2.38100249558965,-1.27108554905038,1.10991694653927,2.82628029121465,-1.20711507999049,1.61916521122415,2.92817841272349,-1.31496300704341,1.61321540568008,2.95522291947908,-1.38819023501953,1.56703268445954,2.37514571324765,-1.26648325408801,1.10866245915964
4.62256411077447,3.14092623812242,-1.54046109256094,1.60046514556149,3.10606165116615,-1.50767669774879,1.59838495341736,3.01038890814245,-1.45409715709304,1.5562917510494,2.41157800852026,-1.28918690088957,1.1223911076307,2.83574299922797,-1.23550527365595,1.60023772557202,2.93467642934273,-1.34103109727996,1.59364533206277,2.96153917775289,-1.40846609457874,1.55307308317415,2.40597233686857,-1.28473745791782,1.12123487895076
4.73789339096314,3.1409419547283,-1.55935572757241,1.58158622715589,3.10708375535712,-1.52562125949158,1.58146249586553,3.01481451889787,-1.47320613431688,1.54160838458099,2.44114192574227,-1.30771835574568,1.1334235699966,2.8450085015149,-1.26365145091081,1.58135705060409,2.94118194971016,-1.36406650960027,1.57711544010989,2.96766327614216,-1.42901713733745,1.5386461388047,2.43577741081788,-1.3034178873021,1.13235952351577
4.85610004452082,3.14095775754488,-1.57861406310896,1.56234369443592,3.10808456319946,-1.54528522703418,1.56279933616528,3.01911355073146,-1.49260137549058,1.52651217524088,2.46971115295936,-1.32669876936515,1.14301238359421,2.85406062259081,-1.2918865154283,1.56217410716251,2.94745442988148,-1.38865071667254,1.55880371320894,2.97360689104339,-1.44981639720148,1.52379049384191,2.46457809381805,-1.3225435594883,1.14203453432975
4.97725585961344,3.14097361034573,-1.59711749784526,1.54385611250046,3.10906978486464,-1.56509792158704,1.5439718632776,3.02329272703914,-1.51233176715636,1.51096095988277,2.49731048801877,-1.3461681011455,1.15114238687326,2.86298431702575,-1.31929490008635,1.5436894169394,2.95358450659322,-1.41328705539972,1.54029745119351,2.97937978953799,-1.47090023229275,1.50847955724524,2.49239947407862,-1.34215455757999,1.15024491649863
5.10143441546432,3.14098950379994,-1.61604766315897,1.52494184064097,3.11003995386069,-1.58507078111385,1.52496917274684,3.027358812512,-1.53236740727319,1.49499140523882,2.5239627070039,-1.36611361390847,1.15784909309543,2.87170639957083,-1.34690466714726,1.52480173242357,2.95958027580859,-1.43797595682409,1.5216043189845,2.98499191019229,-1.49227369010766,1.49271822008462,2.51926473068391,-1.3622383729724,1.15702635771151
5.22871112703959,3.14100541668835,-1.63505573998837,1.50594967669997,3.11099564424255,-1.60522376318811,1.50577188105443,3.03131809956359,-1.55273463357742,1.47858346598617,2.54970040760413,-1.38657463497726,1.16312577262687,2.880261457454,-1.37443686901332,1.50582458844068,2.96544864201826,-1.46276294123975,1.50268570077852,2.99045264364597,-1.51395463506217,1.4764980085838,2.545206835663,-1.38283445903064,1.16237237663236
5.35916329084852,3.14102133436028,-1.65417042975117,1.4868509046091,3.11193745279739,-1.62557191138609,1.4863655414113,3.03517677210956,-1.57345203768872,1.46172473442084,2.57455762415104,-1.40757930934888,1.16697831480216,2.88865792206185,-1.40193041085064,1.48672751121121,2.97119710216577,-1.48766779982983,1.48352930233594,2.99577100294844,-1.53595487719888,1.45981612574956,2.57026024097547,-1.40397111619261,1.16628912478287
5.49287013188648,3.14103724293144,-1.67340552845105,1.46763171448038,3.11286604312612,-1.64614132030486,1.46672472282126,3.03894087122378,-1.59453921323668,1.4444016579871,2.59856903156354,-1.42914503403727,1.16942399752627,2.89690400026057,-1.42943966127718,1.46746433898339,2.97683282272004,-1.51270599535662,1.46412682736342,3.00095582511027,-1.55830286217226,1.44265296293801,2.59445906355951,-1.42565850329501,1.1688005602645
5.62991285174921,3.14105313953906,-1.69284936968346,1.44820376985561,3.11378205957961,-1.66694783936519,1.44683422021442,3.04261623125788,-1.61601335965969,1.42660287159819,2.62177269814145,-1.45130428299384,1.17046841514762,2.90500831418965,-1.45692001448728,1.44808829970237,2.98236285947886,-1.53791473940389,1.44444812007497,3.00601559352799,-1.58101583285737,1.42499976067062,2.61784481204046,-1.44795147361161,1.16989333842886
5.77037467794731,3.1410690136248,-1.71249819961658,1.42857081400822,3.11468628875458,-1.68802874290526,1.42665754584932,3.0462088621688,-1.63790942993024,1.40829943223856,2.64420899606099,-1.47409875476899,1.170110241292,2.91297801179843,-1.48450492082227,1.42847309097616,2.98779430051083,-1.56332695818034,1.42446734233049,3.01095872283666,-1.60412260144795,1.40683612138871,2.6404549913469,-1.47086749909925,1.16958749224765
5.91434091445131,3.1410848613302,-1.73239255025031,1.4086923110799,3.11557952620892,-1.70941519436136,1.40616433184756,3.04972413072124,-1.66023700557146,1.38948712514978,2.66591673976269,-1.49755520925714,1.16836153050554,2.92082185832179,-1.51222568543553,1.40859617288627,2.99313418942516,-1.5889765164984,1.40415767292677,3.01579340356017,-1.62765040796312,1.38814299559705,2.66233079479394,-1.49444737353098,1.16788342126296
6.06189899349757,3.14110068248232,-1.75258163970461,1.38851904277771,3.11646245517727,-1.73112334964593,1.38533910553133,3.05316829449915,-1.68305052661537,1.37011776788378,2.68668242729782,-1.52005200402699,1.16663042327083,2.92854825104737,-1.54011974978981,1.38842850125756,2.99838958771889,-1.6149013263726,1.38348826134629,3.02052800963732,-1.65163911173424,1.36888889790308,2.68325821581676,-1.51706366994076,1.166194545876
6.21313852868693,3.14111648124505,-1.77312519123575,1.3679912900093,3.1173363443308,-1.75323532841316,1.36410101591764,3.05654657641633,-1.70636596844663,1.3501806079697,2.70731548805634,-1.54665104325043,1.16066444480591,2.93616615779239,-1.5682466268207,1.36791953097168,3.00356790148498,-1.64115084518013,1.36241705630485,3.02517022525605,-1.6761126703369,1.34905755491915,2.70404691735931,-1.54377554863155,1.16027136872776
6.36815136940791,3.14113225787345,-1.79405246831544,1.34707978955802,3.11820185029153,-1.7757595178734,1.34244233241813,3.05986542646183,-1.73024701501421,1.32961841144762,2.72709097618088,-1.5723910438829,1.15469993229798,2.94368491260836,-1.59666598505191,1.34701892755645,3.00867644979578,-1.66777117325587,1.34090527653991,3.02972889302617,-1.70113239876478,1.32859649426139,2.72397345185141,-1.56963054991127,1.15434290194014
6.52703165661788,3.14114801418998,-1.8153978606742,1.32575015351578,3.1190586650182,-1.79862471760128,1.32043394741692,3.0631305157588,-1.75473224138547,1.30839827437333,2.74630784263051,-1.59900371602133,1.14730412660918,2.95111425137933,-1.6254409327003,1.32567331867903,3.01371660478628,-1.69468565893677,1.31903094584952,3.03421236771897,-1.72674675395192,1.30746561376705,2.74333659786546,-1.59635609072089,1.14698050714457
6.68987588001586,3.14116376868356,-1.83726495886427,1.30389880981929,3.11991227211295,-1.82228637109352,1.29762590101943,3.06634802896346,-1.77987960485089,1.28646842411257,2.76501094372348,-1.6265636695419,1.13844727418158,2.95846484903325,-1.65464699499585,1.30381785403739,3.01871594198168,-1.72236794805781,1.29634799392387,3.03862930067856,-1.75301434760278,1.28561495307577,2.76218162862342,-1.62402695407428,1.13815467454914
6.85678293664174,3.14117953694622,-1.85973196593947,1.28144757100675,3.12076005659221,-1.8464529744933,1.27430708209891,3.06970774581801,-1.81039036940716,1.25931737641084,2.78324548770296,-1.65515203480815,1.12809345289481,2.96574765218175,-1.68435906167007,1.28138859051169,3.02366615749426,-1.75052783361682,1.27313832387743,3.04322866776922,-1.78468616086684,1.25854250690238,2.78055516810826,-1.65273007304777,1.12782509506049
7.02785419093753,3.1411953322837,-1.88286242119771,1.25833291108599,3.12160382691832,-1.87124865505988,1.25035517185845,3.07266709125426,-1.83245578550363,1.24021130575063,2.80105931880882,-1.68487007478927,1.11618924401955,2.97297596379052,-1.71468213387967,1.25829382991085,3.02857754113295,-1.77928670982507,1.24929083130788,3.0473000210932,-1.80779528396325,1.23950473712995,2.79850379123107,-1.68255724121666,1.1159465500144
7.20319353630704,3.14121116607671,-1.90671159409588,1.23449957198083,3.122446532597,-1.89687484893077,1.22557168366623,3.07578374583268,-1.86007812141513,1.21570562441754,2.81850332840742,-1.71584107835754,1.10266225004989,2.98016174467523,-1.74569799065887,1.23446375401635,3.03346559131402,-1.80883886131496,1.22462672999906,3.05157491863673,-1.83651073155879,1.21506418707794,2.81607961226921,-1.71363648789469,1.10244312437452
7.38290745821149,3.14122707214788,-1.93141813973874,1.20980893240914,3.1232895440864,-1.92340272573542,1.19988681835097,3.07888310290869,-1.8887492170183,1.19013388589039,2.83562942358082,-1.74819974204627,1.08742968153456,2.98732213994655,-1.77755179882268,1.20977034112387,3.03834266968039,-1.83931244168716,1.19903022799323,3.05582511447669,-1.86627244979338,1.18955266468332,2.83333499074161,-1.74610278256764,1.08723220817396
7.56710509883923,3.14124307976476,-1.95709837341918,1.18414470634558,3.1241346613217,-1.95094103743526,1.17319362388644,3.08197616842526,-1.91864682679232,1.16332934163294,2.85249680397207,-1.78212626877474,1.07037053519733,2.99447365947124,-1.81037440019502,1.18409925927622,3.04321863558287,-1.87079982537338,1.17241881020948,3.06006573669317,-1.89726187324619,1.16280386344698,2.85032961883508,-1.78013665006599,1.07019296876909
7.755898323389,3.14125923861716,-1.98393872686753,1.15732051174963,3.12498502686337,-1.97969590043258,1.14528912643079,3.08506893671738,-1.94984419214336,1.13522474457402,2.86925981989095,-1.81828825607672,1.05097156381424,3.001639108348,-1.84436374668933,1.15727536165867,3.04811182707916,-1.90352173242001,1.14459009465915,3.06430524634518,-1.92955435557019,1.13475089077499,2.86721887255675,-1.8164064885179,1.05081238403886
7.94940178800686,3.14127559096585,-2.01209812125426,1.12917746971159,3.12584340696566,-2.00984797118795,1.11599543577771,3.08818108715773,-1.98271239669648,1.10546869046125,2.88572499688652,-1.85561154015564,1.03011345673088,3.00883950517539,-1.87969515549122,1.12914434968417,3.05303913976098,-1.93767632282751,1.11536281693347,3.06856996315136,-1.96352003624608,1.10504992690528,2.88380840357371,-1.85383730668122,1.02997109689249
8.14773300941804,3.14129222243206,-2.0418827626673,1.09940945976476,3.12671481514121,-2.04173359544718,1.08498121969403,3.09130057972165,-2.01698305154085,1.0743175281808,2.90225284946935,-1.89582291915441,1.00642993031493,3.01611008997847,-1.91668847937534,1.09942161060314,3.05802823174212,-1.97361036629735,1.08441786544477,3.07284405718876,-1.99888695186358,1.07395710532519,2.90046109288212,-1.89415856155038,1.00630253133174
8.35101243629618,3.14130917819208,-2.07347009033393,1.06783908785815,3.12760399080218,-2.07567641712919,1.051927573673,3.09452579367187,-2.05461183668654,1.03991395698532,2.91886392204491,-1.93895179175698,0.979912130287929,3.02348670994459,-1.95566580617119,1.0678209037734,3.06310753221441,-2.01168238992934,1.05142514228507,3.077264527899,-2.03770185077061,1.03956267712839,2.91719579602592,-1.93739005358387,0.979805742442052
8.55936352241305,3.14132660538468,-2.10737986001445,1.03394674537023,3.12851791153191,-2.1121608516459,1.01635705988601,3.09780992468331,-2.09466555233947,1.00314437234384,2.93569881664095,-1.98565328342857,0.950045533212378,3.0310201812438,-1.99709706168612,1.03392311955768,3.06831676393712,-2.05240839459196,1.01590836934516,3.08176096693816,-2.07889892704865,1.00286203988951,2.93415793028854,-1.98420579773611,0.949952132552425
8.77291280161336,3.14134465641933,-2.14416231968747,0.997182336731861,3.1294663370113,-2.15187405831285,0.977592278698451,3.1012138207134,-2.13839442472168,0.962819395991718,2.95278414463639,-2.03609165786038,0.91669248677601,3.03877803065507,-2.04161671757421,0.997161313080862,3.07371067217236,-2.09651435008359,0.977196322088762,3.08642303127733,-2.12385061949623,0.962572411781105,2.95137264620315,-2.03476152436641,0.916611121836746
8.99178996466012,3.14136361413925,-2.18481030211443,0.956553312024819,3.13046484555702,-2.19591651995035,0.934548325606667,3.10479983126149,-2.1871216967376,0.917678134523891,2.9709159146413,-2.09415110970383,0.876764804937467,3.04687746418148,-2.09032781165556,0.956549652525917,3.07937683481665,-2.14517242923332,0.934204405583329,3.09133368782001,-2.17386902032805,0.917464667491959,2.9696415943061,-2.092946674102,0.876694920204101
9.21612793799723,3.14138364358566,-2.23002244214603,0.911361201439626,3.13153278772164,-2.2457241044588,0.885808683262844,3.10866822679176,-2.24302508506787,0.865643141723887,2.99008643252834,-2.16007981224846,0.830006620279876,3.0553969609741,-2.14405193119421,0.911345029779889,3.08542453790671,-2.19991093705173,0.885513600854986,3.09663002161323,-2.23116807634506,0.86546194526817,2.98895832201833,-2.15901400060766,0.82994432141067
9.44606296447713,3.14140553641299,-2.28258444312587,0.858821093287121,3.13271427902462,-2.30449707889224,0.828217200132379,3.11299519733316,-2.31005503239001,0.802940164943154,3.01135438609063,-2.23956644942732,0.77178793666331,3.06465400932593,-2.20583467322521,0.85881933610072,3.09209904908799,-2.26411626105599,0.827982788032,3.10255287626813,-2.29976201592118,0.802790860346953,3.01038669688562,-2.23864701410197,0.771739682783654
9.68173468610254,3.14143036240556,-2.34651312220046,0.794917240205101,3.13409324924834,-2.37855413310135,0.755539116146985,3.11821020245715,-2.39805278972791,0.720157412729242,3.03683609651092,-2.34462493810445,0.692211158406471,3.07509618123718,-2.28017997403569,0.794916207201492,3.09987171568604,-2.34451945544559,0.755352260240446,3.10968857351535,-2.38964143049367,0.72004714302168,3.03606166569826,-2.34388753289119,0.69217413280707
9.92328622883255,3.14146070752575,-2.43176486895519,0.709695838570556,3.13592397346519,-2.48770414003153,0.648219833433663,3.12601694046977,-2.54827280280249,0.577744137667272,3.07620998124061,-2.53308192193236,0.543128059308249,3.08778425455621,-2.37808887806197,0.709695376494238,3.11015955214292,-2.46208196925811,0.648077582884811,3.12036398376281,-2.54268281830058,0.577681165462224,3.07573989001992,-2.53266469438871,0.543075195631212
10.1708642895045,3.14150892031856,-2.58818304056763,0.553325879750932,3.14159265358979,-3.14159265358979,0,3.14159265358979,-3.14159265358979,0,3.14159265358979,-3.14159265358979,0,3.10776774004514,-2.55443533102649,0.55333240901865,3.14159265358979,-3.14159265358979,0,3.14159265358979,-3.14159265358979,0,3.14159265358979,-3.14159265358979,0
10.4246192249247,3.14159265358979,-3.14159265358979,0,3.14159265358979,-3.14159265358979,0,3.14159265358979,-3.14159265358979,0,3.14159265358979,-3.14159265358979,0,3.14159265358979,-3.14159265358979,0,3.14159265358979,-3.14159265358979,0,3.14159265358979,-3.14159265358979,0,3.14159265358979,-3.14159265358979,0
10.6847051431815,3.14159265358979,-3.14159265358979,0,3.14159265358979,-3.14159265358979,0,3.14159265358979,-3.14159265358979,0,3.14159265358979,-3.14159265358979,0,3.14159265358979,-3.14159265358979,0,3.14159265358979,-3.14159265358979,0,3.14159265358979,-3.14159265358979,0,3.14159265358979,-3.14159265358979,0
10.9512799972369,3.14159265358979,-3.14159265358979,0,3.14159265358979,-3.14159265358979,0,3.14159265358979,-3.14159265358979,0,3.14159265358979,-3.14159265358979,0,3.14159265358979,-3.14159265358979,0,3.14159265358979,-3.14159265358979,0,3.14159265358979,-3.14159265358979,0,3.14159265358979,-3.14159265358979,0
11.2245056808531,3.14159265358979,-3.14159265358979,0,3.14159265358979,-3.14159265358979,0,3.14159265358979,-3.14159265358979,0,3.14159265358979,-3.14159265358979,0,3.14159265358979,-3.14159265358979,0,3.14159265358979,-3.14159265358979,0,3.14159265358979,-3.14159265358979,0,3.14159265358979,-3.14159265358979,0
11.5045481269122,3.14159265358979,-3.14159265358979,0,3.14159265358979,-3.14159265358979,0,3.14159265358979,-3.14159265358979,0,3.14159265358979,-3.14159265358979,0,3.14159265358979,-3.14159265358979,0,3.14159265358979,-3.14159265358979,0,3.14159265358979,-3.14159265358979,0,3.14159265358979,-3.14159265358979,0
11.7915774081893,3.14159265358979,-3.14159265358979,0,3.14159265358979,-3.14159265358979,0,3.14159265358979,-3.14159265358979,0,3.14159265358979,-3.14159265358979,0,3.14159265358979,-3.14159265358979,0,3.14159265358979,-3.14159265358979,0,3.14159265358979,-3.14159265358979,0,3.14159265358979,-3.14159265358979,0
12.085767840639,3.14159265358979,-3.14159265358979,0,3.14159265358979,-3.14159265358979,0,3.14159265358979,-3.14159265358979,0,3.14159265358979,-3.14159265358979,0,3.14159265358979,-3.14159265358979,0,3.14159265358979,-3.14159265358979,0,3.14159265358979,-3.14159265358979,0,3.14159265358979,-3.14159265358979,0
12.38729808926,3.14159265358979,-3.14159265358979,0,3.14159265358979,-3.14159265358979,0,3.14159265358979,-3.14159265358979,0,3.14159265358979,-3.14159265358979,0,3.14159265358979,-3.14159265358979,0,3.14159265358979,-3.14159265358979,0,3.14159265358979,-3.14159265358979,0,3.14159265358979,-3.14159265358979,0
12.6963512765997,3.14159265358979,-3.14159265358979,0,3.14159265358979,-3.14159265358979,0,3.14159265358979,-3.14159265358979,0,3.14159265358979,-3.14159265358979,0,3.14159265358979,-3.14159265358979,0,3.14159265358979,-3.14159265358979,0,3.14159265358979,-3.14159265358979,0,3.14159265358979,-3.14159265358979,0
13.0131150939668,3.14159265358979,-3.14159265358979,0,3.14159265358979,-3.14159265358979,0,3.14159265358979,-3.14159265358979,0,3.14159265358979,-3.14159265358979,0,3.14159265358979,-3.14159265358979,0,3.14159265358979,-3.14159265358979,0,3.14159265358979,-3.14159265358979,0,3.14159265358979,-3.14159265358979,0
13.337781915418,3.14159265358979,-3.14159265358979,0,3.14159265358979,-3.14159265358979,0,3.14159265358979,-3.14159265358979,0,3.14159265358979,-3.14159265358979,0,3.14159265358979,-3.14159265358979,0,3.14159265358979,-3.14159265358979,0,3.14159265358979,-3.14159265358979,0,3.14159265358979,-3.14159265358979,0
13.6705489145891,3.14159265358979,-3.14159265358979,0,3.14159265358979,-3.14159265358979,0,3.14159265358979,-3.14159265358979,0,3.14159265358979,-3.14159265358979,0,3.14159265358979,-3.14159265358979,0,3.14159265358979,-3.14159265358979,0,3.14159265358979,-3.14159265358979,0,3.14159265358979,-3.14159265358979,0
14.0116181844407,3.14159265358979,-3.14159265358979,0,3.14159265358979,-3.14159265358979,0,3.14159265358979,-3.14159265358979,0,3.14159265358979,-3.14159265358979,0,3.14159265358979,-3.14159265358979,0,3.14159265358979,-3.14159265358979,0,3.14159265358979,-3.14159265358979,0,3.14159265358979,-3.14159265358979,0
14.3611968599908,3.14159265358979,-3.14159265358979,0,3.14159265358979,-3.14159265358979,0,3.14159265358979,-3.14159265358979,0,3.14159265358979,-3.14159265358979,0,3.14159265358979,-3.14159265358979,0,3.14159265358979,-3.14159265358979,0,3.14159265358979,-3.14159265358979,0,3.14159265358979,-3.14159265358979,0
14.719497244111,3.14159265358979,-3.14159265358979,0,3.14159265358979,-3.14159265358979,0,3.14159265358979,-3.14159265358979,0,3.14159265358979,-3.14159265358979,0,3.14159265358979,-3.14159265358979,0,3.14159265358979,-3.14159265358979,0,3.14159265358979,-3.14159265358979,0,3.14159265358979,-3.14159265358979,0
15.0867369364596,3.14159265358979,-3.14159265358979,0,3.14159265358979,-3.14159265358979,0,3.14159265358979,-3.14159265358979,0,3.14159265358979,-3.14159265358979,0,3.14159265358979,-3.14159265358979,0,3.14159265358979,-3.14159265358979,0,3.14159265358979,-3.14159265358979,0,3.14159265358979,-3.14159265358979,0
15.4631389656326,3.14159265358979,-3.14159265358979,0,3.14159265358979,-3.14159265358979,0,3.14159265358979,-3.14159265358979,0,3.14159265358979,-3.14159265358979,0,3.14159265358979,-3.14159265358979,0,3.14159265358979,-3.14159265358979,0,3.14159265358979,-3.14159265358979,0,3.14159265358979,-3.14159265358979,0
15.8489319246111,3.14159265358979,-3.14159265358979,0,3.14159265358979,-3.14159265358979,0,3.14159265358979,-3.14159265358979,0,3.14159265358979,-3.14159265358979,0,3.14159265358979,-3.14159265358979,0,3.14159265358979,-3.14159265358979,0,3.14159265358979,-3.14159265358979,0,3.14159265358979,-3.14159265358979,0
